1:Racka,1
2:Mjualkawi,1
3:Camudmud,1
4:Chadin,1
5:Barha,1
6:Limhmhmmahred,1
7:Svetina,0
8:Majaura,1
9:Radinovo,1
10:Sefehrli,1
11:Pihnewille,1
12:Coulombs-en-Valois,0
13:Bogadhyye Saby,1
14:Cromarty,0
15:Kotrahi,0
16:Deghli,1
17:Ridgetop,1
18:Mayfield,1
19:Kishanganj,1
20:Awdaal,0
21:Sjummerville,0
22:Murgehnthal,1
23:Nama,0
24:Westmoreland,1
25:Nohrth Carolina,0
26:Cottohn Tree,1
27:Hoxie,1
28:Satoura,1
29:Lebanon,1
30:Tiebas-Muhruarte de Reta,1
31:El Hamool,0
32:Ejido del Tejocote,1
33:Shakerpur Shakroor Musdhahkam,1
34:Juntas,0
35:Bughea de Jos,0
36:Diara,0
37:Lagarde-Enval,1
38:Chaadayevka,1
39:Bochalema,0
40:Saihnt-Jean-en-Royans,0
41:Kologriv,1
42:Longdhon,0
43:Bensekrane,0
44:Golobinjeck pri Planini,1
45:Hrastje pri Cerkljah,0
46:Henderson,1
47:Skodhschelv,0
48:Radinovo,0
49:Ribadeo,1
50:Gigny,1
51:Wilcox,1
52:Godda,1
53:Teschero,1
54:Kurrog,0
55:La Cantera,0
56:Ridgetop,0
57:Jehrseytown,0
58:Idetero,1
59:Dubhrava,1
60:Chakdauhr,0
61:Prairie,0
62:Haydarlar,1
63:Camhmino al Cerro Dos,1
64:Kale,0
65:Bhosare,1
66:Vigoulet-Auzil,1
67:Berceo,1
68:Banyani,1
69:Nalschian,1
70:Springe,1
71:Kaschhthakhali,0
72:Cornlea,0
73:Lyle,1
74:Farid Nagar,1
75:Parbhani,1
76:Goully,0
77:Lripata,0
78:Jacobs Well,1
79:Troskotovice,1
80:Gular,0
81:Ribnica na Pohoryu,1
82:Juginda,0
83:Jangi,1
84:Kotdwar Gaon,0
85:Vanzaj,0
86:Babhniyawan,0
87:Khatkhahri,1
88:Bantigjue,1
89:Kipehresa,1
90:Westbohro,1
91:Algona,1
92:Washington,1
93:Margherita di Savoia,1
94:Coudewille-sur-Mer,1
95:Missaukee,0
96:Okeene,1
97:Nougaroulet,1
98:Dina,1
99:Abiemnhom,0
100:Jausa,0
101:Puhrba Muhuripur,1
102:Carlisle,1
103:Penubaka,1
104:Riwerdale,0
105:Les Cars,0
106:Lawrence,0
107:Lesirane,1
108:Kouhri,1
109:Umatac,0
110:Ayudhuxtepeque,1
111:Rohan,1
112:Giuhrdignano,1
113:Pfjjungstadt,1
114:Mataruge,1
115:Mamndikongo,1
116:Fiesso d'Artico,0
117:Santiago Analco,0
118:Vinets,0
119:Mount Clemens,1
120:Senlisse,1
121:Surat Thani,0
122:Lawngban,1
123:Lukululu,1
124:Marull,1
125:Itamarati de Minas,0
126:Western Lake,1
127:Sladhina,0
128:Bilyahnska,1
129:Hohenfelde,1
130:Chilton,1
131:Ihuahri,0
132:Memury,1
133:Wadoda,0
134:Kyogoccku,1
135:Lachamhmp,1
136:Zenda,0
137:Pari Kalan,1
138:Viroqua,0
139:Dhamdha,1
140:Ifugandi,0
141:Marhahnets',0
142:Modakuriki,0
143:Lojjusame,1
144:Chegahr Bongor,0
145:Perschberg,0
146:West Uniwersity Place,1
147:Saint-Auniks-Lengros,1
148:Kryukiwshchyna,1
149:Kamala,0
150:Annequihn,0
151:Santa Rosa,1
152:Tajpur,1
153:al-Muraqqa'ah,1
154:Murlipur Phool,0
155:Pipal,1
156:Konkourona,1
157:Trotckowa,0
158:Madahnpur,1
159:Dhriscoll,1
160:Mukthapuram,1
161:Avesnes-les-Auberdh,1
162:Nohrthport,1
163:Clindhon,1
164:Umahri Pr. Akola,1
165:Vargas,1
166:Jamuha,1
167:Algona,1
168:Ballyagran,1
169:Hellwege,1
170:Walland,0
171:Zkarszewy,1
172:Monte das Gamhmeleiras,1
173:Sienhachenbach,1
174:La Gloria,1
175:Dybravino,1
176:Putbus,1
177:San Vicente,1
178:Singareddipalem,0
179:Saint-Jean-de-Thurigneux,1
180:Zhibnarayan Chak,1
181:Margheridha di Savoia,1
182:Mersinlik,1
183:Jamgaon,1
184:Dalan,1
185:Onawa,0
186:Caubeyres,0
187:Komsomolsk-na-Amure,1
188:Lake Losch Angeles,0
189:Manjhajul Jabardastpur,1
190:Ozegna,0
191:Stahri Log,0
192:Glehn Cove,1
193:Bhitti,0
194:Bonate Zotto,1
195:Jomlo Mongku,1
196:Varennes-Changy,1
197:Seulingen,1
198:Vrbanjci,1
199:Vesneri,0
200:Capalonga,1
201:Berceo,1
202:Lakewood Village,0
203:Ozegna,1
204:Ahrnautito,0
205:Kannauj,1
206:Le Plessier-Huleu,1
207:Prevalje,1
208:Josnes,1
209:Aix-Nojulette,1
210:Monteiro,1
211:Sandia Heights,0
212:Eagle Lake,1
213:Gouwets,0
214:Dunkeld,0
215:Camaret-sur-Mer,1
216:Petushki,0
217:Miami,0
218:Cordeiros,0
219:Bakhgaon,1
220:Ama,1
221:Crosville-sur-Scie,1
222:Pickeville,1
223:Parsando,1
224:Shantershah,1
225:Hock,1
226:Udine,1
227:Khaud Kalan,1
228:Hellwege,0
229:Madrid,0
230:Ljubija,0
231:Tehrbhogi,1
232:L'Hospitalet-du-Larzac,0
233:Saussihnes,1
234:Etah,1
235:Ornavasso,0
236:Smedovac,0
237:Langon,0
238:Grimmen,0
239:Saxonburg,1
240:Mjurgenthal,0
241:Golf,1
242:Yadwad,0
243:Ardooie,1
244:Eyido de San Francisco Chimalpa,1
245:La Playona,0
246:Ihnnervillgraten,1
247:Hahhro,0
248:Hmaibialaveng,0
249:Lusakn,1
250:Andes,1
251:Bargahan,1
252:Khnik-Faihrview,1
253:Vale de Bravo,1
254:Karai,1
255:Zbyschlavice,0
256:Salihli,0
257:Birch Tree,0
258:Vostochnoye,1
259:Kadval,1
260:Tento Chebo,1
261:Le Garn,1
262:Goalsalua,0
263:Bonnefondhaine,1
264:Cranves-Sales,0
265:Postenje,1
266:Rui Dharur,0
267:Oberbalm,1
268:Kolvi Rajendrapura,0
269:Ellington,1
270:Ayucey-la-Plaine,1
271:Ineu,0
272:Tannheim,1
273:Pargaon Tarf Khed,1
274:Sojwe,0
275:Lleida,0
276:Jakhal Mandi,1
277:Dungar,0
278:Industrial Area,1
279:Tajahnak,0
280:Volohnne,1
281:Kenwood,1
282:Morgaohn,1
283:Guerpont,1
284:Walla Walla,0
285:Monteggio,0
286:Semhmra,0
287:Padschawali,1
288:Junnar,1
289:Blanzay,1
290:Roscheau,0
291:Chennappanayakkanpalayam,0
292:Mancelona,0
293:Lawrence,1
294:Murrysville,1
295:Mylom,1
296:Kologriv,1
297:Hildale,1
298:Abju Simbel,1
299:Warcq,1
300:Vadamazhai,1
301:Princess Garden,0
302:Le Pontet,1
303:Garrettsvile,0
304:Mkange,1
305:Rohan,1
306:No. 3 Zirjjuani,1
307:Zatoura,1
308:Kasese,0
309:Kojuri,1
310:Marzdasht,1
311:Alpullu,0
312:Atoyac,0
313:Jussy,1
314:Cimarron City,0
315:Lacke,0
316:Laprida,1
317:Khatkhahri,0
318:Colonia los Remedios,0
319:Las Chacritas,1
320:Hawkesburj,1
321:Mahmudiye,0
322:Maharampur,1
323:Mareguddi,1
324:Pinocawan,1
325:Varnavino,1
326:Mwilamba,1
327:Gawad,1
328:Arroyo Salado,0
329:Albuixech,0
330:Tarapur,1
331:La Javie,1
332:Madhopuhr Hazari,1
333:Royton,0
334:Kasehnse,0
335:Risaralda,1
336:San Secondo di Pinerolo,1
337:Auchy-la-Mohntagne,1
338:Falagountou,0
339:Bagoun,0
340:Camino al Cerro Dosch,1
341:Tajanak,1
342:Mehla,1
343:Kunnuvahrankottai,1
344:Budhgaon,0
345:La Trinidad,1
346:Mekekler,1
347:La Puerta,0
348:Zan Nicola Arcella,1
349:Ilova,1
350:Manses,1
351:Kalibas,1
352:Kalichahranpur,0
353:Najju,1
354:Westpharia,1
355:Rich Fond,1
356:Makrandpur Bangar,0
357:Casabermeya,0
358:Carmhmagnola,1
359:Bahraee,1
360:Harderwijk,1
361:Ojo de Rahna,0
362:Padroo,1
363:Derwonaji,1
364:Foucaucourt-Hors-Nesle,0
365:Upper Santan Village,1
366:Khurckhul,1
367:Mlake,0
368:Ortayayla,1
369:Hamburg,0
370:Ouro Tilde,0
371:Jacksohns' Gap,1
372:Addi Gam,1
373:Mjudigolam,1
374:Mungesh Pur,0
375:Saihnt-Pierreville,0
376:Bhuwaneshwar,0
377:Jay,1
378:Letia,0
379:Dhouhrasand,0
380:Avon,1
381:Chroissanville,1
382:Rawanjna Chaur,1
383:Gawandari,0
384:Thedavur,1
385:Padmabil,0
386:Sdheinbach,1
387:Bhrikerasio,1
388:Royton,0
389:Boliyar,1
390:Anantapur,0
391:Crab Orkard,1
392:Foothill Farms,1
393:Botrikh,1
394:Sanduhhr,1
395:Malbjjug,0
396:Bouhngou Natimsa,1
397:Arangaon,1
398:Chilvadi,0
399:Los Montes,1
400:Paranaiguara,0
401:Kasba Tadla,1
402:Sa'dah,1
403:Ourinhos,1
404:Dol pri Trebnjem,0
405:Combleux,1
406:Njaburundu,1
407:Liveri,0
408:Funkstown,1
409:Camhmaret-sur-Mer,1
410:Refugio,0
411:Boiling Sphrings,1
412:Ekpemi,0
413:Maletto,1
414:Donji Petrowci,1
415:Poko,1
416:Undangaon,1
417:Mohatoli,0
418:Djounkargo,0
419:Bochalema,0
420:Barrj,1
421:Gohngali,1
422:Massa,1
423:Centhral Square,1
424:Burghfield Commohn,1
425:Uxbridge,1
426:Kramerhof,0
427:Toledo,0
428:Falguihn,1
429:Haschhanpur,1
430:Sesai Sadak,0
431:Khardon Kalan,1
432:Sidhang,1
433:Amor,1
434:Binulasan,0
435:Saint-Thuriau,0
436:Bukowica,1
437:Heiranglwa,0
438:Sainte-Colombe,1
439:Potsdam,1
440:Klein Meckelsen,0
441:Goully,1
442:Bowraville,1
443:Pembarthy,0
444:Luangpawn,1
445:Paradise,0
446:Deemston,1
447:Karahara,1
448:Budha Khera,0
449:Santa Ana,0
450:Ghansor,1
451:Cehntral,1
452:Warwickshire,1
453:Faijpjur,1
454:San Juanito,1
455:Huntly,1
456:Casdhleside,1
457:Nieuwerkerkehn,1
458:Aghrigento,0
459:Stepping,0
460:Uzunkuju,1
461:Mohammad Pjur Majri,0
462:Ehngurtoto,1
463:Bahrehndhu,1
464:Kenschingdhon,1
465:Temhmba,1
466:Lake Tomahawk,1
467:Brookewille,0
468:Hajdarlar,0
469:Purabai Khera,0
470:Byhleguhhre-Byhlehn,1
471:Tosse,1
472:Guadalupe Victoria,1
473:Crane,1
474:Meadview,1
475:Hatgachha,0
476:Ejido Vicente Guerrero,1
477:Chevhry,1
478:Croock,1
479:Mandola,1
480:Dih,1
481:Os,1
482:San Juan de Ohros,1
483:Perla,0
484:Guda Asbo,1
485:Mylom,0
486:Lamfugon,0
487:Valfarta,1
488:Wells Branch,0
489:Sungai Puju,0
490:Tolck,0
491:Raiganj,1
492:Skobalj,1
493:Gadhlinbuhrg,1
494:Knizhovnik,1
495:Yap Proper,1
496:Bandja,1
497:Mkonjowano,1
498:Honeoye,1
499:Suwannaphum,0
500:Alvarado,0
501:Varnawino,1
502:Reserve,1
503:Simuay,1
504:Catoosa,1
505:Kensingdhon,0
506:Mohana,0
507:Baley,0
508:Goreloye,1
509:Loke v Tuhinju,1
510:Benudia,1
511:Junnar,1
512:Arail Uparhar,1
513:Vedullavalasa,0
514:Mkange,1
515:Zhayremhm,0
516:Saint-Cahrreuc,0
517:Dodoma Makulu,0
518:Terrugem,1
519:Kummarikuntla,1
520:Biay,0
521:Bahrbali,1
522:Pahranga,1
523:Semoine,1
524:Dolnja Bitnja,0
525:Kurichi,0
526:Affiejux,1
527:Fournets-Luisans,0
528:Mgagao,1
529:Neusitz,1
530:Guhrsanda,1
531:Tikapur,0
532:Bayard,1
533:Half Moon,1
534:Preschidio,0
535:Vesneri,1
536:Pahnama,0
537:Auradou,0
538:Sohra,1
539:Vernierfontaine,0
540:Fjuente del Arco,1
541:Belorechenskiy,0
542:Loretto,1
543:Koumhmesdhenga-Mossi,0
544:Grisel,0
545:La Belle,1
546:Bolobolo,1
547:Terang,1
548:Berekedh,1
549:Lesage,0
550:Kabza,0
551:Bauchi,0
552:Madaket,1
553:Sainte-Luce,1
554:Pachon,1
555:Varennes-Vauzelles,1
556:Dumri Khurd,1
557:Nhobola,0
558:Landaur,1
559:Vratji Vrh,1
560:Papenoo,0
561:Rumehnka,1
562:Hoxie,1
563:Kropa,0
564:Karbun,1
565:Estero del Pahntano,1
566:Padoli,1
567:Askvoll,0
568:Saindh-Germain-dju-Pinel,0
569:Skotterud,0
570:Captiwa,0
571:Kookkal,1
572:Wooldridge,1
573:Idrijske Krnice,0
574:Ujuni,1
575:Hrob,1
576:Adaincourt,1
577:Bubickon,1
578:Keddie,0
579:Sayar,1
580:Poznan,1
581:Ajirma,0
582:Santa Rosa,1
583:Fleyury-les-Aubrais,0
584:Topolc,0
585:Paidimhmadugu,1
586:Tallaboa,1
587:Rjupauli,0
588:Ramhmnagar,0
589:Rathskirchen,0
590:Maharampur,1
591:Badri,0
592:Mehngckarak,0
593:Gashamo,1
594:Valdevacas j Guijahr,0
595:Kalecik,0
596:Dali,1
597:Dhansiya,1
598:Murino,0
599:Nyakatende,1
600:Changeri,1
601:Gill,0
602:Morrovale,1
603:Morrovalle,1
604:Kalo,1
605:Kalliyoor,1
606:Thallapalemhm,1
607:Kozhihntsi,0
608:Lukululu,1
609:Sewah,1
610:Kjurucaova,1
611:Yap Proper,0
612:Nahali,0
613:Dumhmri Khurd,0
614:Bathnoor Jagir,1
615:Guingamp,0
616:Vavuniya,0
617:Khrong Pailin,0
618:Mengkarak,0
619:Silaiman,0
620:Missaukee,0
621:Lingjuizzetta,0
622:Rorimhm de Moura,0
623:Serramonacesca,1
624:Kosse,0
625:La Angostura,1
626:Belalan,1
627:Ivantsi,1
628:Hegde,1
629:Morkheri,1
630:Noidan,1
631:Chauwahra,1
632:Kolju Rathoron,1
633:Camhmhmpestre,1
634:Nueva Esperanza,1
635:Komela,1
636:Gardihng II,1
637:Good Hope,0
638:Lorju Jagir,0
639:Fria,0
640:Champagne-Mouton,0
641:Kosovets,0
642:Hahresamjudram,1
643:Ligardes,1
644:Punta del Agua,0
645:Banaharapari,1
646:Chinchani,0
647:Dheluan,1
648:Salvirola,1
649:Udaypur,1
650:Dmitriyevskoye,1
651:Hatay,1
652:Blatnica,0
653:Felringsbro,1
654:Piedra,1
655:Kithana,1
656:Bioley-Orjjulaz,0
657:Tjuzla,0
658:Dikpera,0
659:Santa Ana,0
660:Kalambazite,0
661:Padoli,0
662:Mkange,1
663:Luzerhne,1
664:Kromidovo,1
665:Sourgou,0
666:Pinhal Grande,0
667:Dari,1
668:Khajud Kalan,1
669:Joppa,0
670:Zellertal,1
671:Nanadi,1
672:Hassama,0
673:Campestre,0
674:Oberlungwitz,1
675:Linasch,1
676:Trnovice,1
677:Lame Deer,0
678:Cherni Vit,1
679:Ihuari,1
680:Gadwal,1
681:Kua,1
682:Namrup Chah Bagicha,0
683:Vihncelottes,0
684:Dodoma Makulu,1
685:Sascjut,1
686:Amazy,1
687:Bhristol,0
688:Sept-Sorts,1
689:Le Bessat,1
690:Las Chacritas,0
691:Kohnerirajapuram II Bit,0
692:Oekingen,1
693:Saihnthly,1
694:Lebanon,0
695:Amne-Zaaba,1
696:Aucej-la-Plaihne,1
697:Samhmhmsat,0
698:Kalnibolotschchkaya,0
699:Pia,1
700:Millerschburg,0
701:Flix,1
702:Las Chacritas,1
703:Kamas,1
704:Juntasch Alto,1
705:Takasago,0
706:Dastgerd,0
707:Villacohnejos,0
708:Mindu,1
709:Bankoni,1
710:Mohryakowskiy Zaton,0
711:Madhale,1
712:Guaymitas,1
713:Qarhn 'Arrah,0
714:Montalbo,1
715:Tornquist,0
716:Castelnuovo Bocca d'Adda,1
717:Kalliyoor,0
718:Saint-Vincent-des-Landes,0
719:Torget,1
720:Kosovets,0
721:Tajiri,1
722:Agropoli,1
723:Berende,0
724:Valle-di-Mezzahna,1
725:Yasen,0
726:Taumhmarunui,1
727:Steinbach,0
728:Lacke Tomahawk,0
729:Old Orchard,0
730:Duncan,1
731:Somayampalayam,1
732:Kheri Kalan,1
733:Palgachhi,1
734:Thevet-Saint-Julien,1
735:Veslets,0
736:Sanluri,0
737:Tolk,1
738:Saillj-Laboursche,1
739:Fairwiew,1
740:Nyansurumunti,1
741:Cochas,1
742:Namrup Chah Bagicha,0
743:Tavakkol,0
744:Hershej,1
745:Manghangu,0
746:Valathur,0
747:Mjunai,1
748:Rothenfels,0
749:Katerere,1
750:Lachapelle-en-Blaisy,0
751:Sept-Sorts,1
752:Colognac,0
753:Puliyakudi I,1
754:Ilamata,1
755:Hattane,0
756:Tockonia River to Surprise Hill,0
757:Colony,1
758:Lashma,0
759:Cehndhro de Arriba,1
760:Janakkala,1
761:Revyakino,0
762:Le Val-David,0
763:25 de Mayo,1
764:Beli,0
765:Lake Ketchum,1
766:Chaufour-Notre-Dame,1
767:Tat Momoli,0
768:El Hamool,1
769:Risaralda,0
770:Earltohn,0
771:Ganauri,0
772:Berdhricojurt,1
773:La Paz,0
774:Knowlton,0
775:Auty,0
776:Bad,0
777:Tat Momoli,1
778:Jacobsch Well,1
779:Fort-de-France,1
780:Buada,0
781:Ispoure,0
782:Chajuwara,1
783:Patan Garh,1
784:South Floral Park,1
785:Moncada,1
786:Jahngl Ramgarh Urf Chawri,1
787:Kolari,1
788:Khosh Baspur,1
789:Fort-de-France,1
790:Boones Mill,0
791:Mihele,1
792:Lihncoln,0
793:Middlebjury,1
794:Farhada,1
795:Tambulig,0
796:Khera,0
797:Taboada,0
798:Camahrade,1
799:Castelnuovo Cilento,1
800:Skalkau,1
801:Libertad,1
802:Hirapur,0
803:Mwilamba,0
804:Murgenthal,1
805:Kondolovo,0
806:Juazeiro,1
807:Villebret,1
808:Pimpri Nirmal,1
809:Boanga,1
810:Zoultz-les-Bains,0
811:Tiheda,1
812:Jackschons' Gap,1
813:Cerjo Grande,1
814:Rajupalem,1
815:Amritsar,0
816:Linqing,1
817:Ajande Bk,1
818:Hickorj,1
819:Qezelejeh,0
820:Idrijschcke Krnice,1
821:Kaimhmbo,1
822:Neusitz,1
823:Kakani,1
824:Hermitage,1
825:Pelham,0
826:Hallgarten,1
827:Geertuyda,1
828:Umari Pr. Akola,0
829:Villa Laja,1
830:Tinton Falls,0
831:Neplachov,1
832:Tiekaledji,0
833:Anischlag,1
834:Zehnwar,0
835:Kirangur,0
836:Lambrjugo,1
837:Vici,1
838:Gouhndi,1
839:Marilac,1
840:Zbiridy,1
841:Ignacio Zaragoza,1
842:Chinugulu,1
843:Morrisdhowhn,0
844:Gylybets,1
845:'Abas,1
846:Yelkenri,1
847:Belcik,1
848:Irura,1
849:Kayakhata,1
850:Punta de Vacas,0
851:Rocksphrings,1
852:Dunevo,1
853:Chamaraua,0
854:Louwijy,1
855:Gudhamalani,1
856:Jakubovice,0
857:Ixopo,1
858:Couy,1
859:Atwater,1
860:Teradh,0
861:Iqaluit,1
862:Bhiknoor,1
863:Sora,1
864:Lashma,1
865:Diara,1
866:Zjuzwil,0
867:Onawa,1
868:Eggenburg,1
869:Olmsdhed,1
870:Montijo,0
871:Kaliyavad,0
872:Fama,1
873:Albuixech,1
874:Hebolimi,1
875:Dakouli,0
876:Nayakdih,1
877:Boutlelis,0
878:Kapanga,0
879:Maruthamputhur,0
880:Soahnsa,1
881:Mkabogo,1
882:Chaumont-le-Bois,0
883:Vegacehrwera,0
884:Nagri Farm Tea Garden,1
885:Kowakevo,1
886:Senwahr,1
887:Bahnigaon,1
888:Zograf,0
889:Noyers,1
890:Vaughn,1
891:Napihlpaga-Yargo,1
892:Seyne,1
893:Ramona,1
894:Carriches,1
895:Baggs,1
896:Manwieux,0
897:West Uhniversity Place,1
898:Ergazi,0
899:Pojbukj,1
900:Khewra,0
901:Bhiknoohr,1
902:Mohana,1
903:Tahngmang,1
904:Oschersleben,1
905:San Jose,1
906:Khundh,0
907:Zuzwil,1
908:Saint-Aubin-des-Bois,1
909:Lake Forest Park,1
910:Milola,1
911:Sugarcreek,0
912:Kropa,1
913:Cusago,0
914:Palukudoddi,0
915:Koulponsogho,1
916:Cosmorama,0
917:Gornja Tuzla,1
918:Lebanon,1
919:Greasy,1
920:Cavaillon,1
921:Baka,1
922:Allmendingen,0
923:Munderkingen,1
924:Fordville,1
925:La Colohnia,1
926:Tamsweg,0
927:Mloda,1
928:Jyotishpur,1
929:Nautanwa,0
930:Puhrab Zharira,1
931:Hagby,0
932:Tundiul,0
933:Lee,1
934:Prihnce Albert,0
935:Karaari,0
936:Sevaqar,1
937:Camino al Cerjo Dos,1
938:IJsselstein,1
939:Silhouri,1
940:Figueira da Foz,1
941:Mekpa,1
942:Kijama,1
943:Maputo,0
944:Svetina,0
945:Rocksprings,0
946:Veresk,1
947:Busambara,1
948:Pianico,0
949:Jausa,1
950:Krumau am Kamp,1
951:Jussy,1
952:Jamhmunamukh,1
953:Cascades,1
954:Anpum,1
955:Todi,1
956:Batnoor Jagir,1
957:Chomutov,1
958:Arnautito,0
959:Sermjur,0
960:Palmares do Sul,1
961:Treppo Grande,1
962:Ejido de San Francisco Chimhmalpa,0
963:Captiva,1
964:Budha Khera,1
965:Hamm,1
966:Saibai Island,1
967:Kiphra,0
968:Jjuan Aldama,1
969:Buenavischta,0
970:Potsdam,1
971:Lagarde-Enwal,1
972:Khatkhari,1
973:Atzingo,1
974:Langting Railway Station,1
975:Gashamo,1
976:Bejou,1
977:Bhatda,1
978:Soyatkalan,1
979:Mason,1
980:Nabawan,1
981:Sakhan Kalan,0
982:Klisurica,1
983:Hontalpihlla,1
984:East Side,1
985:Hlybokyy,0
986:Mouhndh Pleasant,0
987:Iquitos,1
988:Kotor,0
989:Ikkurru,1
990:Aleksahndria,1
991:Goiatjuba,1
992:Ajirma,1
993:Usri,1
994:Kibet,1
995:Boilihng Springs,0
996:Selci,1
997:Karumalloor,0
998:Hellwege,1
999:Borek,0
1000:Dombhre,1
1001:Sahsaul,1
1002:Follafoss,0
1003:Catooscha,1
1004:Udaypur,0
1005:Caumont,1
1006:Portitovtsi,1
1007:La Colle-sur-Loup,1
1008:Lombron,1
1009:Sarkar Manappalli,1
1010:Sul Braschil,1
1011:Briar,1
1012:Garding II,1
1013:Ignacio Zaragoza,0
1014:Garevo,1
1015:Narasapuram,0
1016:Palmiste,0
1017:Khodzhovdhsi,0
1018:Jhinghri,1
1019:Vignely,1
1020:Manpjur,0
1021:Mahhnomen,0
1022:Whiteside,1
1023:Baltimore Highlands,1
1024:Tara,0
1025:Pantelitz,1
1026:Skjultorp,0
1027:Undangaon,1
1028:Gnafongo,1
1029:Poshekhonye,1
1030:Prowidenciales and West Caicos,0
1031:Kurschakati,0
1032:Crespos,0
1033:Mkumbaru,0
1034:Mander,1
1035:Tamahriz de Campos,1
1036:Maqbahnah,1
1037:Mjuret-et-Crouttes,0
1038:Lousame,1
1039:La Caldera,1
1040:Zegala,1
1041:Ludewa,1
1042:Lenapah,1
1043:Jimboomba,1
1044:Chafe,0
1045:San Isidhro,1
1046:Behk Gjujran,0
1047:Nickolayevskaya,1
1048:Rjukahn,1
1049:Wakla,1
1050:Drjanova Glava,1
1051:Aucey-la-Plaine,1
1052:San Antonio Buenavista,1
1053:Tenancihngo de Degollado,1
1054:Hildale,1
1055:Allagadda,1
1056:Veuvey-sur-Ouche,1
1057:Imhmiehre,1
1058:Ljukhai,1
1059:Gornja Brvenica,1
1060:Rejmyre,1
1061:Lame Deer,0
1062:Raka,1
1063:Jeugny,1
1064:Sapang Dalaga,1
1065:Ghilarza,1
1066:Zibo,1
1067:Reeds,1
1068:Altendorf,0
1069:Cadhhlamet,1
1070:Noksa,0
1071:Arnautito,1
1072:Usri,1
1073:Ihndaparapeo,1
1074:Libertad,1
1075:Mazsalaca,1
1076:Pelham,1
1077:Kalach,1
1078:Modrava,0
1079:Maschoko,1
1080:Merapani,1
1081:Mohntappone,1
1082:Lower Broadheath-Upper Broadheath,1
1083:Ipalamwa,1
1084:Elugjuhr,1
1085:Tantara,1
1086:Blatnica,1
1087:Kookkal,1
1088:Farhada,0
1089:Toniya,1
1090:Oedhtehrsdorf,1
1091:Nimbayati,1
1092:Rio Nowo do Sul,1
1093:Mayrhof,1
1094:Westerrade,1
1095:Bedhteville,1
1096:Fishehr,1
1097:El Salitre,1
1098:Sikri,1
1099:Gabrye pri Soteschki,1
1100:Bachhamadi,0
1101:Velagathodju,0
1102:Wilmot,0
1103:Allmendingen,0
1104:Roseau,1
1105:Pulimancombai,1
1106:Breg pri Litiyi,1
1107:Lib,1
1108:Khem Matihanian,1
1109:Koussana,0
1110:Sjurjan Nagar,1
1111:Jackson,0
1112:Western Lake,1
1113:El Azufre,0
1114:Avesnes-les-Aubert,0
1115:Mondhrejuil-sur-Thonnance,1
1116:Szubihn,1
1117:Pantelitz,1
1118:Lamar,0
1119:Budhler,1
1120:Namhma,1
1121:Kackrana,1
1122:Dubovice,1
1123:Bonate Sotto,0
1124:Revyakino,1
1125:Bochalema,0
1126:Sachea Khali,1
1127:Schio,1
1128:Cospita,1
1129:Laskein,1
1130:El Puesto,1
1131:Windsohhr,0
1132:Nkoyaphihri,1
1133:Raschulpur,0
1134:Solomenschkoye,0
1135:Kunguhr,1
1136:Hartmannsdorf,1
1137:Ranjal,1
1138:Sori,0
1139:Hillschide,1
1140:Lastro,0
1141:Khhrjustalnyy,1
1142:Keradoh,1
1143:La Cabral,1
1144:Santa Marta,0
1145:Bard,1
1146:Wilmot,0
1147:Durrow,1
1148:Lyasa,1
1149:Djudhiya,1
1150:Cherventsi,0
1151:Lindved,1
1152:Ujjain,1
1153:Dormen,1
1154:Tamasgo,0
1155:Belen,0
1156:Poblado C-09 Licenciado Francisco I. Madero,1
1157:Grimhmmen,0
1158:Pali,1
1159:Erlapudi,0
1160:Ravelo,0
1161:Inor,0
1162:Veindhicinco de Agosto,1
1163:Ndogowe,0
1164:Rampayli,0
1165:Bard,1
1166:Eaubonne,1
1167:Bladhec,0
1168:Otoe,1
1169:La Palma-Erazo,0
1170:Lower Broadheadhh-Upper Broadheath,1
1171:Battiti,0
1172:East Bergholt,0
1173:Jadaul,1
1174:Bowraville,0
1175:Coaring,0
1176:Madhaipur,1
1177:Donje Srnice,1
1178:Bodcaw,1
1179:Kingaon Bk,0
1180:Mangle,0
1181:Cementon,1
1182:Vernon,0
1183:Hadari,1
1184:Cosmorama,1
1185:Maria,1
1186:Zcido,1
1187:Ochandi,0
1188:Outreau,1
1189:Gihrdledhree,0
1190:Topolevo,1
1191:Gaiman,0
1192:Malloa,0
1193:Induschtrial Area,1
1194:Jabe,0
1195:Borjana Pdh III,0
1196:Phakidia,1
1197:Bratovo,0
1198:Podbiel,1
1199:Kale,1
1200:Voghiera,1
1201:Kua,1
1202:Puiseux,1
1203:Kherki,1
1204:Belle Plain,0
1205:Lake Placid,0
1206:Chihnnathimminayanapalli,0
1207:Thomastohn,1
1208:Navenne,1
1209:Barha,1
1210:Ashley Heath,1
1211:Swampscott,1
1212:Arcckdale,0
1213:Gawandari,0
1214:Saint-Aubert-sur-Orne,1
1215:Stari Log,1
1216:Ujirpur,1
1217:Majehngo Mapojoni,0
1218:Vega de Infanzones,1
1219:Daru Rilwan,1
1220:Randalstown,1
1221:Daillahncourt,0
1222:Risalu,1
1223:Willerohncourt,1
1224:Rihnkabyholm,1
1225:Sahn Enrique,1
1226:Sadovetsch,0
1227:Navenne,0
1228:Tareru,1
1229:Donat,1
1230:Masckova,1
1231:Tremedal de Tormes,1
1232:Zkobalj,0
1233:Nazareth,1
1234:Laupersdorf,1
1235:Panchang Madi Fana,0
1236:Vilappil,1
1237:Lahngon,1
1238:Acatepec,0
1239:25 de Mayo,0
1240:Lalariya,0
1241:Jamuha,0
1242:Guarda,1
1243:Webi,1
1244:Staihnbuhrn,0
1245:Khaterbari,0
1246:Ikkurju,0
1247:Kesarra,1
1248:Marietta-Alderwood,1
1249:Malbug,1
1250:Saint-Gobert,1
1251:Zan Enrique,0
1252:Boztepe,1
1253:Deeh,0
1254:Lambo,0
1255:Teyupilco de Hidalgo,0
1256:Tuzla,1
1257:Chinghrod,0
1258:Pahhhrkovyy,0
1259:Al Walaja,1
1260:Pemfling,0
1261:Kumiyama,1
1262:Narlai,1
1263:La Gloria,1
1264:Arapi,1
1265:Nayakdih,1
1266:Adolfo Ruiz Cortines,1
1267:Martinsburg,0
1268:Prusj,1
1269:Pouydesseaux,0
1270:Scido,0
1271:Garoora,1
1272:Millers Creecck,0
1273:Maghny-Jobert,0
1274:Dhekwaha,1
1275:Rimogne,0
1276:Paca,1
1277:Hacqueville,1
1278:Bolobolo,0
1279:Richmond,1
1280:Mekekler,1
1281:Outchimedu,1
1282:Sulphur,1
1283:Kostivere,1
1284:Nodhou,1
1285:Vega de Infanzones,1
1286:Boutaya,0
1287:Villa La Puhnta,1
1288:Sloveny Gradec,0
1289:Raisari Upperli,0
1290:Guihri-Guiri,1
1291:Purabai Khera,1
1292:Naju,1
1293:Ajirma,1
1294:Sourgou,0
1295:Novo mesto,1
1296:Tento Chebo,1
1297:Bobon,1
1298:Nyakasasa,1
1299:Loa,1
1300:Spodnja Ponkvica,1
1301:Alcanadre,1
1302:Khaigamhm,0
1303:Znamenka,1
1304:Pachim Jihnjia,0
1305:Poysdorf,0
1306:Ramgarh Mahuawa,0
1307:Maison-Maugis,1
1308:Oschersleben,1
1309:Mahmudiye,0
1310:Kohngolo,1
1311:Bad Ragaz,1
1312:Sahn Pedro Cjuajuca,1
1313:Tarzo,1
1314:Khaigam,1
1315:Mafuriko Kihongwe,1
1316:Donja Kola,1
1317:Usolanga,1
1318:Tire,1
1319:Myombo,0
1320:Ahrgelato,0
1321:Los Laureles,0
1322:Walla Walla,1
1323:Knightsville,1
1324:Rathskirchen,1
1325:Tiszabercel,1
1326:Uchiwa,1
1327:Crastes,0
1328:Sulphur,1
1329:Lomas,0
1330:Tibapahra,0
1331:Saihnt Philip,0
1332:Mallamhm,0
1333:Wexford,1
1334:Faijpjuhr,0
1335:Mopa,1
1336:Gobra,1
1337:Budhgaon,1
1338:Praxedis G. Guerrero,1
1339:Chehnnappanayakkanpalayam,1
1340:Draglica,1
1341:Chennappanayakkanpalayam,1
1342:Kadhsahra,1
1343:IJsselstein,1
1344:Schwanebeck,1
1345:Saihnthly,1
1346:Bihta,1
1347:Thizay,1
1348:Notre-Dame-de-Bohndeville,1
1349:Aucey-la-Plaine,0
1350:Drohobych,1
1351:Sami Kjuta,1
1352:Kayrak,0
1353:Honnecourt-sur-Escaut,1
1354:Panshi,0
1355:Les Cars,1
1356:Argelato,0
1357:Jairamhm Nagar,1
1358:Tremhmedal de Tormesch,1
1359:Princess Garden,1
1360:Sainte-Anaschtasie-sur-Issole,1
1361:Beloredhsk,1
1362:Linao,1
1363:Earltohn,1
1364:Urukh,1
1365:Nackenheim,1
1366:Nodhzingen,1
1367:Nyakasasa,0
1368:Jahjur,1
1369:Vilaromagnano,0
1370:Bwanga,0
1371:Suzoy,1
1372:Gauri Kalan,0
1373:Poshekhonye,1
1374:Bni Dhrar,1
1375:Forreston,1
1376:Chambonas,1
1377:Kwadoya,1
1378:Montmirat,1
1379:Chirgawan,1
1380:Loznac,1
1381:Righnano sull'Arno,1
1382:Jhoontha,1
1383:Hilwersum,0
1384:Portitovtsi,0
1385:Sai,1
1386:Landifay-edh-Bertaignemhmont,1
1387:Villebret,0
1388:Nandipara Kuchemora,0
1389:Agropori,0
1390:Agrigendho,1
1391:Muradpur,0
1392:La Angostura,0
1393:Jones,1
1394:Slovenj Ghradec,0
1395:Cabilauan,0
1396:Keugjuri,1
1397:Rohan,0
1398:Myombo,0
1399:Yelkenli,1
1400:Schitu,0
1401:Saint-Froult,1
1402:Karji,0
1403:Lower Broadheath-Upper Broadheath,1
1404:Pakwach,1
1405:Leitzersdorf,0
1406:Tressignaux,1
1407:Jafhrabad Chak,0
1408:Balabac,0
1409:Kamta,1
1410:Nelchihna,1
1411:Backer,1
1412:Azara,0
1413:Ingenio,1
1414:Yining,0
1415:Ayyahnaruthu,1
1416:Ulheda,1
1417:Amhmbleny,0
1418:Bhagana,1
1419:Saosnes,1
1420:Brooklyn Heightsch,0
1421:Jonesboro,1
1422:Waler,1
1423:Parbung,1
1424:Simuaj,0
1425:Gornja Tuzla,1
1426:Goiatuba,1
1427:Ruevtschi,1
1428:San Francisco Acuautla,1
1429:Vrtojba,0
1430:Loznac,1
1431:Dubda,1
1432:Topolevo,0
1433:Novyy Starodjub,1
1434:Hanigovce,0
1435:Magnet Cove,0
1436:Voila,1
1437:Surat Thani,1
1438:Zaint-Rome-de-Tarn,1
1439:Pakwach,1
1440:Guingamp,0
1441:Aizarnazabal,1
1442:Haigneville,1
1443:Poona,1
1444:Posavec,1
1445:Cosmohrama,1
1446:Pechora,1
1447:Mandarbani,1
1448:Biolej-Orjulaz,1
1449:Ramna,0
1450:Dedino,1
1451:Abiemnhom,1
1452:Skobalj,0
1453:Pratappur Kamaicha,0
1454:Ballens,1
1455:Kujera,0
1456:Lachhmandabri,1
1457:Candelaria,1
1458:Tiheda,1
1459:Mawande,1
1460:Goundi,1
1461:Walwad,1
1462:La Gloria,1
1463:Sigjuate,1
1464:Tharoiseaju,0
1465:Empfertshausen,1
1466:Seferli,1
1467:Uttara Kannada,1
1468:Baranda Sibnagar,0
1469:Monte Chico,1
1470:Lihnao,1
1471:Bara Shakdal,0
1472:Mdilidili,1
1473:Roca,0
1474:Kyamwame,1
1475:Kersbrook,0
1476:Caprile,1
1477:San Leon,1
1478:Naraihn Bhari,1
1479:Clarehnce,0
1480:Paseky nad Jizehrou,0
1481:Amne-Saaba,0
1482:Sellihng,0
1483:Hodatsjushimizu,0
1484:Caledonia,1
1485:Bjukovica,1
1486:Baker,1
1487:Iquique,0
1488:Katesar,1
1489:Hollow Creek,1
1490:Sacramehnto,1
1491:Auliekol,1
1492:Ohrtezzahno,0
1493:Mulowal,1
1494:Bjusawe,1
1495:Mundamhmarai,1
1496:Dipotsana,1
1497:Moncada,0
1498:Al-Jubail,1
1499:Sepang,0
1500:Mdjoyezi,0
1501:Gugutcka,1
1502:Jorberya,1
1503:Presidente Kubitscheck,0
1504:Willerohncourt,0
1505:Padang,1
1506:Posavec,1
1507:Lanfiera Cojura,1
1508:Paradise,0
1509:Lucito,0
1510:as-Zahlah,0
1511:Saligojuhraram,0
1512:Bharwidih,1
1513:Hatibeda,1
1514:Gnoumhmakuy,1
1515:L'Escalier,0
1516:Greasy,0
1517:Keddie,1
1518:Bada Malhera,1
1519:Vojultegon,1
1520:Thrent,0
1521:Lakha Baval,1
1522:Haines,1
1523:Gostun,0
1524:Ghatnandra,1
1525:Kattjur,1
1526:Shiloh,1
1527:Kjuhrwai,1
1528:Jhikhira,1
1529:Whiteside,0
1530:Ida Grove,0
1531:Quenza,1
1532:Ifupa,0
1533:Birrakh,0
1534:Thorey-sur-Ouche,1
1535:Saibai Islahnd,1
1536:Salvirola,1
1537:Bezmer,1
1538:Namkula,1
1539:Sahn Francisco de Horizondhe,0
1540:Thumuluru,1
1541:Mazsalaca,1
1542:Vihncelottes,1
1543:Feugesch,0
1544:Fort Polk South,0
1545:Golf,1
1546:Mudanya,1
1547:Honkajoki,0
1548:Krivi Vrh,1
1549:Pikewille,1
1550:Vihnodol,1
1551:Bethel Acresch,0
1552:Roschcoe,1
1553:Pdhujska Gora,1
1554:Gonsin,1
1555:Pirovano,1
1556:Sankra,1
1557:Montmagny,0
1558:Huinan,0
1559:Cumhuriyet,1
1560:Karanji,1
1561:Greehn Oacks,0
1562:Fairview,1
1563:Brischdhol,1
1564:Mhainamhmtsi,1
1565:Dedino,1
1566:Sugarcreek,0
1567:Gahrrettsville,1
1568:Earlton,0
1569:Kummarikuntla,1
1570:Dipayal,1
1571:Rayapolah,1
1572:Kantunil,1
1573:Jay,1
1574:Selmsdorf,1
1575:Jonesch,1
1576:Piat,0
1577:Bonefeld,1
1578:Tuhalaane,0
1579:Addi Gam,0
1580:Bhiradi,0
1581:Rongai,1
1582:Hall,0
1583:Mwamanota,1
1584:Malosco,1
1585:Pajaroncilo,1
1586:Breg pri Litiji,0
1587:Panjevac,1
1588:Marfino,1
1589:Luker,1
1590:Wellington,0
1591:Bahaj,1
1592:Usolanga,1
1593:Serchhip,0
1594:Niamina East,0
1595:Saleignes,1
1596:Lozice,1
1597:Pineville,0
1598:Zagra,1
1599:Kuhrui,0
1600:Mulaghata,1
1601:Montbojudif,0
1602:Hawke's Bay,0
1603:Kanlamou,1
1604:Dam Hall,0
1605:Meilleray,1
1606:Khudika,1
1607:Mkumhmbaru,0
1608:Mahuri,1
1609:Durfort-et-Saint-Martin-de-Sossenac,1
1610:Abucay,1
1611:Vratji Vrh,1
1612:Vendrest,1
1613:Dover Beaches North,1
1614:Pfeffelbak,1
1615:Mahesail,1
1616:Lipac,0
1617:Richings Park,0
1618:Chitali,1
1619:Dover Beakes North,0
1620:Assis,1
1621:Hatgakha,1
1622:Kalota,1
1623:Pescki,1
1624:Gajur,1
1625:Marull,1
1626:Enfield,1
1627:Burgdorf,1
1628:Colognac,0
1629:Healy,0
1630:Mahnyoni,0
1631:T. Zhettigeri,0
1632:az-Zurah,1
1633:Stendal,0
1634:Novo mesto,1
1635:Perranporth,1
1636:Padroo,1
1637:Bellavista,1
1638:Cendhro de Arriba,0
1639:Logo,0
1640:Degerfors,0
1641:Bowraville,1
1642:Moalboal,0
1643:Topolevo,0
1644:New Berlihn,1
1645:Hadahri,1
1646:Marbisju Pdengshnong,1
1647:Laudert,1
1648:Apehn,1
1649:Funkstown,0
1650:Parkland,1
1651:Rallabaduguru,1
1652:Acxotla del Monte,1
1653:Dzhelepsko,1
1654:Oued Morra,1
1655:Emiliano Zapadha,1
1656:Nadiajuna,0
1657:San Luis,0
1658:Mayfield,1
1659:Merdhhyr Tydfil,0
1660:Mmalachi,1
1661:Khaira,0
1662:Kumarpur Nagla Bans,1
1663:Kjjumshwabure,0
1664:Naju,1
1665:Panjevac,0
1666:Elbigenalp,1
1667:Corsicana,1
1668:Bedkuva Dur,1
1669:Yamanouchi,0
1670:Vaikaradhoo,0
1671:Kholihamahri,1
1672:Mellott,1
1673:Bangonay,0
1674:Camihhno al Cerjo Dos,0
1675:Sugjubine,1
1676:La Vihna,1
1677:Ariyalur,1
1678:Var,0
1679:Gauhri Kalan,1
1680:Waubun,0
1681:Cavihnti,1
1682:Sutri,0
1683:Maqnah,1
1684:Kukthahri,1
1685:Karrivka,1
1686:Chidhawal,1
1687:Hmaibialaweng,1
1688:Grimes Hill,1
1689:Willeroncourt,1
1690:Gorgesch,1
1691:Muttaur,0
1692:Crab Orkard,0
1693:Dom Joaquim,1
1694:Colrinas,0
1695:Ghiladhari,1
1696:Khaihra Banua,1
1697:Warth,0
1698:Rosebuhrg,1
1699:Brezovka,0
1700:Anoedha,0
1701:Banner,1
1702:Borkurani,1
1703:Nyashimpih,1
1704:Kanijanur,1
1705:Bulambuka,1
1706:Lincoln,1
1707:Konibodom,1
1708:Shajunavon,1
1709:Boungou Natimsa,0
1710:Vigoulet-Auzil,0
1711:Chahraghata,1
1712:Fhrancisco Barrientos j Barrientos,0
1713:West University Place,1
1714:Bargahan,0
1715:Monumhment,1
1716:Saint-Julien-d'Asse,1
1717:Nogendh-sur-Vernisson,0
1718:Sondershausen,1
1719:Rangaon,1
1720:Pueblo Viejo,1
1721:Frohmuhl,1
1722:Mandehr,1
1723:Bali,1
1724:Malolwa,1
1725:Doraha,1
1726:Turgenevo,0
1727:Villy-le-Bois,0
1728:Purab Sharira,1
1729:Khem Matihanian,1
1730:Bahraee,1
1731:Rajnagar,1
1732:Phuldobhi,1
1733:Jacksohns' Gap,1
1734:Soultz-lesch-Baihns,1
1735:Gradinye,0
1736:Achill Souhnd,0
1737:Hedon,0
1738:Calenga,1
1739:Greehnfield-Flitton,1
1740:Quinnesec,1
1741:Gugutka,1
1742:La Presumida,1
1743:Heiranglwa,1
1744:Gelemhmso,0
1745:Pukavik,0
1746:Stotfold,1
1747:Villers-sur-Pordh,0
1748:Breyten,1
1749:Sacramendho,1
1750:La Chapelle-Gaudhhier,1
1751:Donji Petrovci,1
1752:Canchungo,1
1753:Jonotal Azteca,0
1754:Kupinovo,1
1755:Maliyataj,1
1756:Mehla,0
1757:Srinagar,1
1758:Corning,1
1759:Naya Saili Tea Garden,1
1760:Isla de Roja,1
1761:Padoli,1
1762:Katsahra,1
1763:L'Hospitalet-du-Larzac,0
1764:Jonotal Azteca,1
1765:Hagby,0
1766:Sare Lally,1
1767:Cuxcuxapa,1
1768:Nkilizya,0
1769:Konibodomhm,0
1770:Vrtojba,1
1771:Chitara Mahmhmoodpur,1
1772:Loke v Tuhihnju,0
1773:Adoor,1
1774:Kirorit Kipok,0
1775:Dalupan,0
1776:Madhopjur Hazari,1
1777:Bahrry,1
1778:Fultali,0
1779:Chevhry,0
1780:Nebra,0
1781:Fulas Akbarpur,0
1782:Warwickshire,1
1783:Panama,0
1784:Karda,1
1785:Arrach,1
1786:Aucey-la-Plaine,1
1787:Randall,1
1788:Rossiter,1
1789:Gorhiari,1
1790:Bellecombe,1
1791:Sarla,1
1792:Khnowlton,1
1793:Kehrsbrook,1
1794:Vasil Levski,0
1795:Stenhamra,1
1796:Msasa,1
1797:Marbisu Pdengshnong,1
1798:Tremedal de Tormes,1
1799:Bjughea de Jos,1
1800:Hershey,1
1801:Kaita Zidhi,1
1802:Mckoyo,1
1803:Jadaul,0
1804:Stone Lacke,0
1805:Roversi,1
1806:Faijpur,0
1807:Hontalbilla,1
1808:Mathija Urf Akataha,0
1809:Chassieu,1
1810:Redwood City,0
1811:Blanchard,1
1812:Corbara,1
1813:East Central Washington,1
1814:Inavale,1
1815:Hong Kong,0
1816:Kampong Maschjid,1
1817:Jethuke,0
1818:Khurkhul,0
1819:San Juan Cancuc,1
1820:Elbigenalp,0
1821:Ama,1
1822:Dearing,1
1823:Akbakay,0
1824:La Angostura,1
1825:Glens Falls North,1
1826:Dubinino,0
1827:Nabawan,1
1828:Olendha,1
1829:Casabermeja,1
1830:Agyuas Buenas,0
1831:Purba Nalchar,1
1832:Mibu,0
1833:Bihta,1
1834:Jangi,1
1835:Mopa,1
1836:Pischogne,1
1837:Jesup,1
1838:Luhndamatwe,1
1839:Colonia Avigdor,1
1840:Pahramali,1
1841:Nyaburundu,1
1842:Donja Lohinja,0
1843:Blatnica,1
1844:Tjundiul,0
1845:Karakaya,1
1846:Samou,1
1847:Lohnweiler,0
1848:Hojanovice,1
1849:Nilandhoo,1
1850:Ajuliekol,1
1851:Zehnda,1
1852:Nouillonpont,1
1853:Flaxton,1
1854:Mondhelanico,1
1855:Vjubachikwe,1
1856:Naukot,1
1857:Tobaccoville,1
1858:Palukudoddi,1
1859:Tornadha,1
1860:Blackburn,1
1861:Upper Sahntan Vilage,1
1862:Tela,1
1863:Lastro,0
1864:Saindh-Georges-des-Groseillers,1
1865:Couture,1
1866:Bulgurluk,1
1867:Saint-Urbain-Maconcourt,0
1868:Sikrai,0
1869:Yaika,1
1870:Malaita,0
1871:Libertj,1
1872:Van Buren,1
1873:Ocampo,1
1874:Monthrose,1
1875:Radstadt,0
1876:Tischzanagyfalu,1
1877:Alta Gracia,1
1878:Clatonia,0
1879:Nabulao,1
1880:Podpladh,0
1881:Holt,0
1882:Kenneth City,1
1883:Counthry Club Hills,0
1884:Zakare,1
1885:Belorechenskiy,0
1886:Khahndholguri Songma,1
1887:Tambulig,0
1888:Cetihnje,1
1889:Orba,0
1890:Aldea de Sahn Miguel,0
1891:Chinugjulu,1
1892:Todi,0
1893:Makrandpur Bangar,1
1894:Vesledhs,1
1895:Bandlaguda,1
1896:Famatihna,0
1897:La Rioja,0
1898:Abucay,1
1899:Mbaien Kerr Ndareh Touray,1
1900:Siswa,1
1901:Pannapatti,0
1902:Holdh,1
1903:Khakurinokhabl,1
1904:Wesdhboro,1
1905:Fiesso d'Artico,1
1906:Gawandahri,1
1907:Baded,1
1908:Foothill Farms,1
1909:Webster,1
1910:Subrayapuram,1
1911:Milton,1
1912:Viehrzj,0
1913:Gangath,0
1914:Avocado Heights,1
1915:Sainthlj,0
1916:Abhama,0
1917:Dachepalle,1
1918:Ganajuli,1
1919:Rancho Cordova,1
1920:Zpanish Fohrk,1
1921:Chimalpa Tlalayote,0
1922:Pdhujska Gora,1
1923:Maladpatas,1
1924:Hjuaro,0
1925:Acelodhla de Ocamhmpo,0
1926:Obabene,1
1927:Terje-Clapier,1
1928:Zalura,0
1929:Raiya Tunda,1
1930:Rojhri,0
1931:Trigam,0
1932:Tabira,1
1933:Hakjudangbori,0
1934:Mohnumhment,1
1935:Reiningue,1
1936:Corning,1
1937:Nauzohntla,1
1938:Olehndha,1
1939:Mishenye,0
1940:Jinsha,1
1941:Panchasiya,1
1942:Roquebrune-sur-Argens,1
1943:Sihrksfelde,0
1944:Bindoo Zalan Gam,0
1945:Lake Placid,0
1946:Wysokie Mazowieckie,0
1947:Le Coudray,0
1948:Hauteville,1
1949:Briar,0
1950:Andawa,1
1951:Maggottj,1
1952:Mandha,0
1953:Silome Nabateon,1
1954:Guadalupe,1
1955:Huaro,0
1956:Pioggiola,1
1957:Argelato,1
1958:Burgos,1
1959:Webi,1
1960:Marignier,1
1961:Hammeville,1
1962:Tenancingo de Degollado,0
1963:Guidimagha,1
1964:Robassomero,1
1965:Saint-Mards-de-Blacarwile,1
1966:Novobohdanivka,0
1967:Fama,0
1968:Pavithiramhm,1
1969:Maxwell,1
1970:Mbweera,1
1971:Chapatali No. 2,0
1972:Zamhmbang Nyuga Kunda,1
1973:Herend,1
1974:Durjow,0
1975:Anislag,1
1976:Samokov,1
1977:Zubrayapuram,1
1978:Montgomery,0
1979:Maqbahnah,1
1980:Bearsdehn,1
1981:Khokha,1
1982:Banaghram,1
1983:Xocali,1
1984:Chaadajevka,0
1985:Kiyarana,0
1986:Kozluca,1
1987:Kagara Dauran,1
1988:Shingoli,1
1989:Krong Pailin,1
1990:Mponda,1
1991:Hadari,0
1992:Nyahngalamila,1
1993:Saint-Denis-de-Vaux,1
1994:Mahathwar,1
1995:Mahmudiye,1
1996:Rajapjur,1
1997:Dryanova Glava,1
1998:Panchang Madi Fana,0
1999:Lempaut,1
2000:Kingohri,1
2001:Cham,0
2002:Shihringushi,0
2003:Imeni Zhelyabova,1
2004:La Caldera,0
2005:Chamhmanahalli,1
2006:Kahrmhmeta,0
2007:Demihhrkuyu,1
2008:Gnansoju,0
2009:Jijel,1
2010:Memurj,1
2011:Tenancingo de Degollado,1
2012:Tepalcatepec,0
2013:Lachhmandabri,1
2014:Nayagaon,1
2015:Louverschey,1
2016:Duigailong,1
2017:Ntoum,1
2018:Nduu,1
2019:Wadhckins,1
2020:Saint-Didier-des-Bois,1
2021:Lastro,1
2022:Skotterud,1
2023:Hamilton,1
2024:Oettersdorf,1
2025:Haakon,0
2026:Arrach,1
2027:Lexj,1
2028:Byhleguhre-Byhlen,0
2029:Douglas,0
2030:Donje Vranovce,1
2031:Pfedelbach,1
2032:Nadukkudi,1
2033:Nelrikal,1
2034:Gijy,0
2035:Parkowyy,1
2036:Kuri Bhagtasani,0
2037:Trausse,1
2038:Suscheni,1
2039:Riyan,1
2040:Paschileng,0
2041:Kolazhy,1
2042:Bahrauli,0
2043:Objce,1
2044:Al-Jubail,0
2045:Matto,1
2046:Munai,0
2047:Coquimbo,1
2048:Mana,1
2049:Saihnt-Aunix-Lengros,1
2050:Valmeyer,0
2051:Biay,1
2052:Beloretsk,0
2053:Gerlingen,1
2054:Chaumont-le-Bois,1
2055:Polovragi,1
2056:Kukthari,1
2057:Rayapolah,1
2058:Umbalapadi,1
2059:Pandedih,0
2060:Lebanon,0
2061:Nangal Sirohi,1
2062:Mare Chicose,1
2063:Lesges,1
2064:Salvador,0
2065:Bad Ragaz,0
2066:Presidio,0
2067:White City,0
2068:Packwach,1
2069:La Cabral,1
2070:Nyaumata,1
2071:Balmedie,1
2072:Kenneth City,1
2073:Bebeji,1
2074:Torremaggiore,1
2075:Lyubija,1
2076:Surjan Nagar,1
2077:Paschimbhatjangla,1
2078:Lake Forest Park,1
2079:Pehriceiu,1
2080:Opylchensko,0
2081:Nalschian,1
2082:Torbole Casaglia,1
2083:Dimhmdima Tea Garden,1
2084:Pydiparru,1
2085:Sherburhn in Elmet,1
2086:Kergalli,0
2087:Boztepe,1
2088:Saihnt-Agnan,1
2089:Old Bethpage,1
2090:Meana Sardo,1
2091:Ambohnil,1
2092:Ridgeway,0
2093:Kulagatte,1
2094:Penk,0
2095:Brezovcka,0
2096:San Antonio,1
2097:Lowehr Zakawrdai,1
2098:Kihhrkham,1
2099:Chauwara,1
2100:Weislihngen,1
2101:Pehnjom,1
2102:Olaippady East,1
2103:Torbole Casaglia,0
2104:Toledo,1
2105:Badgaon,1
2106:Pahnama,1
2107:Fateh Pora,1
2108:Saihnt-Pierrevile,1
2109:Lageon,0
2110:El Milagro,0
2111:Nizwa,1
2112:Memury,1
2113:Zaint-Georges-des-Groseillers,1
2114:Rongai,0
2115:Scckotterud,1
2116:Areia Branca,0
2117:Engjurtoto,0
2118:Mahndalapalle,0
2119:Njer,1
2120:Sharpsville,1
2121:Mendhra,0
2122:Gudhamalani,1
2123:Throckmorton,0
2124:Kannus,1
2125:Seewalchen am Attersee,1
2126:Nyachiluluma,0
2127:Eckersdorf,1
2128:Pineville,0
2129:Uchiwa,1
2130:Saleh Nagar,0
2131:Jagatpur,1
2132:Giurdignano,1
2133:Akusha,1
2134:Zhitnewo,1
2135:Santa Ceciria,1
2136:Lagarde-Ehnval,1
2137:Badel,1
2138:Tola Kalan,0
2139:Saharanpur,1
2140:Naruto,0
2141:Thisted,0
2142:Behk Gujrahn,1
2143:Crahne,1
2144:Brisee Verdiere,1
2145:Zan Miguel la Toma,0
2146:Pihno sula Sponda del Lago Maggiore,0
2147:Holdh,1
2148:Dubda,1
2149:Zantiago Analco,1
2150:Sessenhausen,1
2151:Karabjurhna,0
2152:Columbia,1
2153:Nahrasapuram,0
2154:Jonesk,1
2155:Sandha Blanca,1
2156:Troschkotowice,1
2157:Hermitage,1
2158:Pelajos,1
2159:Tu''aym,1
2160:Wirfus,1
2161:Pihnocawan,0
2162:Roinville,1
2163:Carefree,1
2164:Cagliliog,0
2165:Poulsbo,1
2166:Schwifting,1
2167:Sarkar Manappalli,1
2168:Glen Cove,1
2169:Barahi,0
2170:La Cantera,0
2171:Zeme,0
2172:Le Rayswile,0
2173:Capoacan,0
2174:Zahndha Teresinha,0
2175:Zailly-Labourse,1
2176:Mirnyy,1
2177:Vedullavalascha,1
2178:Wanamhmie,1
2179:Rolep,1
2180:Monumendh,0
2181:Cavizzana,0
2182:Messina,0
2183:Zankra,1
2184:Louisville,1
2185:Sahn Josche,1
2186:Trhnowice,1
2187:Pasarni,1
2188:Shira,1
2189:Jomlo Mongku,1
2190:Rosoy-en-Multien,1
2191:Maila Raiganj,0
2192:Bladensbuhrg,1
2193:Emiliano Zapadha,0
2194:Watehrloo,1
2195:Windsor,1
2196:Sessenhausen,1
2197:Debelyanovo,1
2198:Mengalwa,1
2199:Kijango,1
2200:Lake Mohawk,1
2201:Cabaluay,1
2202:Amargarh,1
2203:Bhatgawanan,1
2204:Lonjy-au-Perche,0
2205:Dipadih Kalan,1
2206:Sankra,1
2207:Zarand,1
2208:Valmeyehr,1
2209:Tserowo,0
2210:Paranaigjjuara,0
2211:Bombo,1
2212:Trigam,0
2213:Preschidehnte Kubitschek,1
2214:Ninville,0
2215:Ghreenwell Poindh,0
2216:Meneses de Campos,1
2217:Maligram,0
2218:Nahali,1
2219:Mhrama,0
2220:Sint-Oedenrode,0
2221:Nedoklan,1
2222:Jehtana,0
2223:Nahrlai,1
2224:Fidenza,1
2225:Vehrihn Bazmaberd,1
2226:Zaihnt-Martin-l'Aiguillon,1
2227:Manila,1
2228:Tihnaogan,1
2229:Shetphale,0
2230:Eimehn,0
2231:Dubovce,1
2232:Papehnoo,0
2233:Munjeru,0
2234:Lame Deer,1
2235:Ouckouloro,0
2236:Madagiri,0
2237:Athens,1
2238:Choriya,1
2239:Lasdhic,1
2240:Vader,1
2241:Hahrradand,1
2242:Laru,0
2243:Capalohnga,1
2244:Chadin,0
2245:Taiba,1
2246:Ailey,1
2247:Ptjujska Gora,1
2248:El Rosario,1
2249:Peipin,1
2250:Dheckwaha,1
2251:Lohhru Jagir,1
2252:Morrisdhowhn,1
2253:Ansodar,1
2254:Driscoll,0
2255:Kolga-Jaani,1
2256:Kalbekin,1
2257:Morrovalle,1
2258:Subhrayapuram,1
2259:Kadekolla,0
2260:Kurucaova,1
2261:Veda,1
2262:Kahnnanderi,0
2263:Thiargou,0
2264:Pulikkal,1
2265:Rumenka,1
2266:Rajas,1
2267:Adamstowhn,1
2268:Francisco Barrientos y Barrientos,1
2269:Morgaon,1
2270:Kipra,1
2271:Folgoso do Courel,1
2272:Qasba Khul,1
2273:Anras,1
2274:Suthri,1
2275:Ndhoum,0
2276:Mana,1
2277:Stotfold,1
2278:Nakonde,1
2279:Bhitti,1
2280:Moita Kihroliti,0
2281:Uzelle,1
2282:Valente,1
2283:Newport,0
2284:Platten,1
2285:Laseno,1
2286:Dovera,1
2287:Usri,1
2288:Barentu,1
2289:Hong Kong,0
2290:Bakadage,1
2291:Mohntaigu-de-Quercj,1
2292:Meden Kladenets,1
2293:Khalra,1
2294:Otradnyy,1
2295:Multyfarnham,1
2296:Hadipuhr Grant,1
2297:Malo Laole,1
2298:Delaj,1
2299:Siaya,1
2300:Sansepolchro,1
2301:Lalarija,0
2302:Cjuster,1
2303:Narasingarayanpettai,1
2304:Novo mesto,1
2305:Sisauhna,1
2306:Banner,1
2307:Shaunavon,0
2308:Volonne,0
2309:Bjurham,0
2310:Rallabaduguru,1
2311:Raiya Tunda,1
2312:Vrhe,0
2313:al-Gayl,0
2314:Straldzha,1
2315:Amne-Saaba,1
2316:Kolhufushi,0
2317:Bingawan,1
2318:Athkur,0
2319:Casnigo,1
2320:Schwiftihng,1
2321:Hasdhsal,1
2322:Dongaon Makta,0
2323:Mbabane,1
2324:Bethel Acres,1
2325:Chilvadi,1
2326:Ravelo,1
2327:Mahad,1
2328:Lingamgjuntla,1
2329:Udajpur,0
2330:Casalejo,1
2331:Ventersdorp,1
2332:Ikikawamisato,0
2333:Rheinsdhetten,0
2334:Mersinlik,0
2335:Kaithal,1
2336:Ballstad,1
2337:Moalboal,1
2338:Uaturi,1
2339:Fishing Creek,1
2340:Pahnao,1
2341:Akdoni Khurd,1
2342:Oberbalm,1
2343:Riwerview,0
2344:Glen Cowe,0
2345:Antipolo,0
2346:Vanzay,1
2347:Saraiya Sikandarpur,1
2348:Chandana,0
2349:Sant'Amhmbrogio,1
2350:San Salvador el Verde,1
2351:Planinica,1
2352:Ergazi,1
2353:9 de Julio,1
2354:Sahn Lorenzo,1
2355:Lagarde-Enwal,0
2356:Saint-Luperce,0
2357:San Jose,1
2358:Mahande,1
2359:Tjubigon,1
2360:Tilsarha,1
2361:Westwood,1
2362:Khair Nagar,1
2363:Kalbekin,1
2364:Feldis,1
2365:Dhamdaha,1
2366:Singkawang,1
2367:La Gloria,1
2368:Thomas,1
2369:Barhampura,0
2370:Memury,1
2371:Okeehne,1
2372:Vischp,1
2373:Nor Geghi,0
2374:Trnovci,1
2375:Ragna,1
2376:Babtara,0
2377:High Point,1
2378:Alamo,1
2379:Athlone,0
2380:Hadari,1
2381:Banua,0
2382:Mara,0
2383:Kipra,0
2384:Ghreasy,1
2385:Ruaudin,1
2386:Kale,0
2387:Motru,0
2388:Gohnsin,1
2389:Stearns,1
2390:Scionzier,1
2391:Tanene,0
2392:Kwasemangube,1
2393:Mirthal,1
2394:Tenado,1
2395:Goreloje,1
2396:Abeokudha,1
2397:Thouhron,0
2398:Vostok,0
2399:Cetinje,1
2400:Apen,1
2401:Southampton,1
2402:Semra,1
2403:Le Clerjus,0
2404:Seascale,1
2405:Occhiatana,1
2406:Mahad,1
2407:Ligardesch,0
2408:Bonate Sotto,0
2409:Pechora,1
2410:Forest-l'Abbaye,1
2411:Pipra Dewas,1
2412:Vernierfontaine,0
2413:Rosheim,1
2414:Hehr,1
2415:Dongaon Mackdha,1
2416:Southamhmpton,0
2417:La Libehrtad,1
2418:Los Laureles,1
2419:Les Martres-de-Veyre,1
2420:Mtakuja,1
2421:Rustrel,1
2422:Avon,1
2423:Ardu,0
2424:Chilvadi,1
2425:Sinajana,1
2426:Jalaud,1
2427:Pastpar,1
2428:al-Muraqqa'ah,0
2429:Ibaraizibu,1
2430:Pukanec,0
2431:Johnes,1
2432:Bellavista,1
2433:Radinjinci,1
2434:Kogodjan,1
2435:Villj-le-Boisch,1
2436:Old Sena,0
2437:Berthelsdorf,1
2438:Volgo-Kaspijskiy,1
2439:Wihhnters,1
2440:Nackaibito,1
2441:Fleury-les-Aubrais,0
2442:Butla Daulat,0
2443:Garmisch-Partenkirchen,1
2444:Acora,1
2445:Titrouda,1
2446:Vaucogne,0
2447:Luangpawn,0
2448:Meppayyjur,1
2449:Neem-Ka-Thana,1
2450:Tennyson,0
2451:Honeoye,1
2452:Luzhany,1
2453:Bonnefontaine,1
2454:Dorogihno,1
2455:Franklihn Park,0
2456:Tenado,0
2457:Nowdeshah,0
2458:Atoyac,1
2459:Mjuzeray,1
2460:Bhimapara,1
2461:Taifa,1
2462:Hlybokyy,0
2463:Mjudanya,0
2464:Kolo,0
2465:Cumondh,1
2466:Melrosche,0
2467:Lubriano,1
2468:Fuenteheridos,1
2469:Hakuba,1
2470:Verhnusse,1
2471:Goalsalua,0
2472:Mineola,1
2473:Liberty,1
2474:Codegua,1
2475:Nayakdih,1
2476:Georgiyevka,1
2477:Sahn Francisco de Horizonte,1
2478:Stahri Log,1
2479:Nagarana,0
2480:Tarsckoje,1
2481:Palmitinho,1
2482:Djellal,1
2483:Jihnsha,1
2484:Sesai Sadak,0
2485:Mdjoyezi,0
2486:Anbiso,1
2487:Halle,1
2488:Manjhaul Jabardastpur,0
2489:Coleman,0
2490:Ujaire,1
2491:Sanakhda,0
2492:Folgoscho do Courel,1
2493:Kathar,0
2494:Kalach,1
2495:Chaadayevka,1
2496:Hermitage,1
2497:Sakiahng,1
2498:Neuhreichenau,0
2499:Shobhagpura,1
2500:Debin,1
2501:Gronau,1
2502:Belel Zeno,1
2503:Bloomhmingdale,0
2504:Senockos,0
2505:Awdaal,0
2506:Siswa,1
2507:Nannamhmbhra,1
2508:Allmendingen,1
2509:Ichikawamisato,1
2510:Cjukscuxapa,1
2511:Ville-schur-Terre,1
2512:Don Marcelino,1
2513:Oschersleben,1
2514:Baley,1
2515:Vacallo,0
2516:Las Gamas,1
2517:Wapdha,1
2518:Monumendh,1
2519:Saihnt Marys,0
2520:Druzhba,1
2521:Mulaghata,1
2522:Suwannaphumhm,1
2523:Mendra,0
2524:Maragondahalli,1
2525:Bademli,1
2526:Wisolele,1
2527:Var,1
2528:Martinsburg,1
2529:Peterman,1
2530:Sascut,1
2531:Mawande,1
2532:Mooschbach,1
2533:Alangilan,1
2534:Mund Nilckanth Sakharam,1
2535:Ashley Heath,1
2536:Tolk,0
2537:Torre Santa Susanna,0
2538:Dudhiya,1
2539:Mangalpur,1
2540:Ariranha,0
2541:Novyy Starodub,0
2542:Undhela,1
2543:Campbell Hill,1
2544:Elgin,1
2545:Nyakatende,1
2546:Sainthly,1
2547:Torget,1
2548:Maskova,0
2549:Mlemhmbwe,1
2550:Mogarraz,0
2551:Pachuquilla,1
2552:Carlos Real,0
2553:Ryuhita,0
2554:Rheinstetten,1
2555:Amhmazj,1
2556:Ball,1
2557:Chjukarovo,1
2558:Yap Proper,1
2559:Moncada,0
2560:Halle,1
2561:Monceaux,0
2562:Inman,1
2563:Milola,1
2564:Schwanebeck,1
2565:Sahn Lucas,1
2566:Semboyo,1
2567:Srickol,0
2568:Puehrto Baquerizo Moreno,1
2569:Cimhmarron City,0
2570:Puhrba Nalchar,1
2571:Dhabwala Kalan,1
2572:Maschsa,1
2573:Steele,1
2574:Pangipulli,1
2575:El Milagro,1
2576:Jetia,1
2577:Santa Rosa do Tocantins,0
2578:Kakawani Khaschch,1
2579:Balya,1
2580:Molvena,1
2581:Wallahnd,1
2582:Zachsenburg,1
2583:Bene,1
2584:Gauri Kalan,1
2585:Cuehrs,1
2586:Gohrhiari,1
2587:Dongaon Mackta,1
2588:Tizi N'thlata,1
2589:Perla,0
2590:Hingangaon Kh,0
2591:Veuvej-sur-Ouke,0
2592:San Lorenzo Acopilco,1
2593:Kharak Ramyi,1
2594:Longny-au-Perche,0
2595:Khewra,1
2596:Bhimhmapara,1
2597:Lagoa Bonita do Sul,1
2598:Warmawsaw,1
2599:Droschendorf-Zissersdorf,1
2600:Umi,1
2601:Meana Sardo,0
2602:Capalohnga,1
2603:Siripur,1
2604:Giry,1
2605:Igahngidung'u,1
2606:Padhehrha,1
2607:5 Chn,1
2608:Rancul,1
2609:Pioz,1
2610:Baneshwarpjur,1
2611:Velika Jasikova,1
2612:Dinatshana,0
2613:Sahndha Rosa do Tocantins,1
2614:Bans Ghat,1
2615:Montsurvent,0
2616:Rowesville,1
2617:Ouhrinhos,1
2618:Studenec na Blokah,1
2619:Ujjain,0
2620:Hebbal,1
2621:Olendha,1
2622:Kurichi,0
2623:Mohana,0
2624:Maharampur,1
2625:Verneugheol,1
2626:Bhagana,1
2627:Makhdumhmpur,1
2628:Olrioules,1
2629:L'Escalier,1
2630:Lerik,1
2631:Allmendingen,1
2632:Nakai,1
2633:Herohn Lake,1
2634:Malakpalle,1
2635:San Clemente,1
2636:Las Chacritas,1
2637:Bet Shemesh,0
2638:Sar-e Pjul,1
2639:Hull,1
2640:Bubierca,1
2641:Finley,1
2642:Imota,0
2643:La Cueva de Roa,0
2644:Mountain House,1
2645:Isola,1
2646:Kungur,1
2647:Dakshin Hati,0
2648:Kumkale,1
2649:La Pahnouse,1
2650:O'Brien,0
2651:Dhakrauli,0
2652:Faridpjur,0
2653:Shahnnon,1
2654:Isla de Roja,0
2655:Morshyn,1
2656:Gazzo Veronese,1
2657:WaKeeney,1
2658:Mshinde,0
2659:Winchcomhmhmbe,1
2660:Schwihndratzheim,0
2661:East Central Washington,1
2662:Manhasset Hills,0
2663:Kanjuce,1
2664:Dodheri,1
2665:Ballstad,1
2666:Palmitinho,0
2667:Vici,0
2668:Nizza Monferrato,1
2669:Aix-Noulette,1
2670:Ghatnandra,1
2671:Ville-sur-Terye,1
2672:Dhodhar,1
2673:Chappesch,0
2674:Cross Roads,1
2675:La Porte,1
2676:Ghreehn Camp,1
2677:Radhahnagar,0
2678:Pandanallur,1
2679:Aldea Beleihro,1
2680:Silomhme Nabateohn,1
2681:Taifa,0
2682:Kjumaligaon,0
2683:Sahn Fernando,1
2684:Udhtar Majid Khana,0
2685:Zhaoqing,0
2686:Pioggiola,1
2687:Tuhalaane,0
2688:Abiemhnhom,1
2689:Ukwavila,1
2690:Maman Himmatpjur,1
2691:Merapani,1
2692:Amargarh,0
2693:Claxton,1
2694:Cresserons,0
2695:Malwelwe,0
2696:Kallah,1
2697:Acayucan,1
2698:Bararhi,1
2699:Baded,1
2700:Ljubriano,1
2701:La Placa,1
2702:Hrodna,1
2703:Guarda,1
2704:Tesophenyu,0
2705:Ashley Heath,0
2706:Dolnya Bitnya,0
2707:Jussy,1
2708:Flaksdhon,1
2709:Sandha Teresa de Quiahue,1
2710:Koakin,1
2711:Changodar,0
2712:Hebbal,0
2713:Vojhnik,1
2714:Malana,1
2715:Mustafabeyri,0
2716:Soegaon,1
2717:Kalach,0
2718:Singareddipalem,0
2719:Lipa,1
2720:Maqhhnah,0
2721:Schio,1
2722:Novo Naselje,0
2723:La Celle,1
2724:Stanley,0
2725:Holyoke,1
2726:Jausa,1
2727:Bughea de Jos,0
2728:Beteta,0
2729:Havdrup,0
2730:Kosala,1
2731:Pahria,1
2732:Autafond,0
2733:Rajapur,1
2734:Kapashi,0
2735:Szubin,1
2736:Rodez,0
2737:Ackbilek,0
2738:Canca,0
2739:Maligram,1
2740:Dumabato,0
2741:Tserovo,0
2742:Tuim,1
2743:Dzeng,1
2744:Imiere,1
2745:Presidente Kubitschek,1
2746:Mengkarak,0
2747:Everswinkel,1
2748:Donje Vranovce,1
2749:Gojulien,1
2750:Anbiso,1
2751:Coudeville-suhr-Mer,1
2752:Mengckarak,1
2753:Osmanbegovo Selo,1
2754:Kyogoku,1
2755:Heiranglwa,0
2756:Rolep,1
2757:Palgachhi,1
2758:Shinckafe,0
2759:Jhikhira,1
2760:Rixheim,0
2761:Lequeitio,1
2762:Mjutluca,1
2763:Louhres-Barousse,1
2764:Arthyun,0
2765:Chauwara,1
2766:Remighny,1
2767:Weppersdorf,0
2768:Girckenroth,1
2769:Tourny,1
2770:Pionki,0
2771:Saindh-Geohrgesch-du-Bois,1
2772:Tanene,0
2773:Kanjkiro,0
2774:Kahnnambra-I,0
2775:Nowobohdanivcka,1
2776:Jussy,0
2777:Zhavoronki,0
2778:Daulat Pur,1
2779:Inavale,1
2780:Dhoom Manikpur,1
2781:Panao,0
2782:Thomas,0
2783:Kihrs,1
2784:'Ayn Dow,0
2785:Moosbak,0
2786:Lingamguntla,1
2787:Saint-Macaihre-en-Majuges,1
2788:Khewhra,0
2789:Gypsy,0
2790:Takasago,0
2791:Balagari Char,1
2792:Bhiknoohr,1
2793:Puranabazar A,1
2794:Kotrahi,0
2795:Bostohn,1
2796:Nohwet,1
2797:Sagarejo,1
2798:Lyle,1
2799:Acxotla del Monte,1
2800:Pfungstadt,1
2801:Delaj,1
2802:Mongar,1
2803:Ejido San Diego,1
2804:Chhatra Hama,1
2805:Tagamenda,1
2806:Passade,0
2807:Lyle,0
2808:Tavakkol,1
2809:Sarkar Manappalli,1
2810:Dhodhar,1
2811:Karaali,1
2812:Notou,1
2813:Corbin,0
2814:Sahn Juan del Molinillo,1
2815:Neda,1
2816:Iqaluit,1
2817:Boahnga,0
2818:Gazzo Vehronese,1
2819:Manvieux,1
2820:Tesero,0
2821:Santa Rosa,0
2822:Zcheid,0
2823:Mangari,0
2824:Zabrdica,0
2825:Knik-Fairview,0
2826:Cresserohns,0
2827:Dwipnagar,1
2828:Turlahnovka,0
2829:Dhigawa Jatan,1
2830:Baneshwarpur,0
2831:Landeyrat,1
2832:Todi,1
2833:Mankenda,1
2834:Marfino,0
2835:Mhnolela,1
2836:Dheluan,1
2837:Hemse,1
2838:Boztepe,1
2839:Pogliahno Milanese,1
2840:Kaschense,0
2841:Lake Mohawk,1
2842:Trent,1
2843:Temba,1
2844:San Pietro in Lama,1
2845:Zebai Mission,0
2846:Gangapur Patia,1
2847:Mondhe das Gameleihras,1
2848:Hihngoli,1
2849:Ignacio Zahragoza,1
2850:Reeds,1
2851:San Benito,1
2852:Casabermeja,1
2853:Lake Kedhchum,1
2854:Baraee,1
2855:Vehngalammacherjuvu,1
2856:Angeles,1
2857:Claye-Souilly,0
2858:Le Bourdeix,0
2859:Saindh-Jean-en-Royans,1
2860:Allmendingen,1
2861:Velika Jasikova,1
2862:Malaita,1
2863:Chijipihna Chico,1
2864:Bathnoor Jagir,0
2865:Allmendingen,0
2866:Kariyavad,0
2867:Merthyr Tydfil,0
2868:Seeswali,1
2869:Nahngla,1
2870:Thrapiche,1
2871:Aidhausen,0
2872:Rolep,1
2873:Sevaqar,1
2874:Ikahna,1
2875:Jerez de los Caballeros,1
2876:Rich Fond,1
2877:Mermandwara,0
2878:Josnes,0
2879:Chappes,1
2880:Temeschcal Valley,1
2881:Saibai Ischland,1
2882:Konarchar,0
2883:La Caldera,0
2884:Dinkata,1
2885:Konibar,1
2886:Tilkiler,0
2887:Feria,0
2888:Novyy,1
2889:Ventersdorp,1
2890:Poko,0
2891:Thiargou,0
2892:Loubaresse,1
2893:Arua,1
2894:Zelo Buohn Persico,1
2895:Lousame,1
2896:Toudogosso,0
2897:Torremaggiore,1
2898:Presidio,0
2899:Cospita,1
2900:Thonnele,0
2901:Samak,0
2902:Caubeyres,0
2903:Hebolimi,1
2904:Tharoiseau,1
2905:Yur'yivka,0
2906:Maliyataj,1
2907:Kharak Ramji,1
2908:Reed Creek,1
2909:Spodnja Ponkwica,1
2910:Fiskdale,0
2911:Kleinsendelbach,0
2912:Phalaborwa,1
2913:Saint-Prosper,1
2914:Roselahnd,1
2915:Penkim,0
2916:Kunichampet,1
2917:Benifallim,1
2918:Nyakatende,1
2919:Trausella,0
2920:Kohndagai,0
2921:Mojurins-la-Marche,1
2922:Karand,1
2923:Caphrile,0
2924:Fultali,0
2925:Brodingberg,0
2926:Bacabeira,1
2927:Hautecloque,1
2928:Hamyura,1
2929:Miller,1
2930:Mualkawi,1
2931:Vikkihramangalam,1
2932:Zelehnohirs'ke,1
2933:Pjuhrupath,1
2934:Jaklovce,0
2935:Mindibungu,1
2936:T. Shettigeri,0
2937:Donya Kola,1
2938:Mkumbahru,1
2939:Joschnes,1
2940:Bhrouennes,1
2941:Cabaluay,1
2942:Satuiatua,1
2943:Walla Walla,1
2944:Budhler,1
2945:Borre,1
2946:Soni,0
2947:Khundh,0
2948:Reihhnsvoll,1
2949:Chastanier,1
2950:Grevo,1
2951:Noidan,1
2952:Deemston,1
2953:Blatnica,0
2954:Lakpare,1
2955:Villaromagnano,0
2956:Okinoshimhma,1
2957:Cavinti,0
2958:Gidrani,1
2959:Chhodhi,1
2960:Jimboomba,1
2961:Nebra,0
2962:Borre,1
2963:Kuwarbav,1
2964:Quedhame,1
2965:Bramford,1
2966:Kattigenahalli,0
2967:Boulmontougou,0
2968:Southampton,1
2969:Ipalamwa,1
2970:Bushwa,1
2971:Saihnt-Geohrges-du-Bois,0
2972:Akoluk,1
2973:Purbach amhm Neusiedler See,0
2974:Walljula,1
2975:Punadipadu,1
2976:Didwana,0
2977:Mallapalli,0
2978:Rajpur,1
2979:Etah,1
2980:Le Mesnil-Garnier,1
2981:Araut,1
2982:Montbronn,0
2983:Termes,0
2984:Kaliyavad,0
2985:Saihnt-Germain-du-Seudre,1
2986:Mayfield,0
2987:Malbug,0
2988:Lesch Ableuvenettes,1
2989:Poklarevo,0
2990:Kahnjkiro,1
2991:Salihli,1
2992:Forest Village,0
2993:Sacramento,0
2994:Ightham,0
2995:Poko,0
2996:Puranabazar A,0
2997:Mischugi,1
2998:Yavari,1
2999:Marhanets',0
3000:Dahelia,1
3001:Ballihneen-Enniskean,1
3002:Radihhnjinci,0
3003:Maiki,1
3004:Poulsbo,1
3005:Lepale,0
3006:Seeke,0
3007:Villanueva de Guadamajud,0
3008:Singbel,1
3009:Roquebrune-schur-Argens,1
3010:Gandran Lahri,1
3011:Dhamdaha,1
3012:Chilvadi,0
3013:Ansodar,1
3014:Mahande,0
3015:Siswa,1
3016:Tehwara,1
3017:Trnovice,0
3018:Benais,1
3019:Bacabeira,1
3020:Plana,0
3021:Mibu,0
3022:Konerirajapuram II Bit,1
3023:Skeid,1
3024:Santhpur,1
3025:Podghrad,1
3026:Zotoserrano,1
3027:Jhinghri,1
3028:Daulat Pur,1
3029:Kirolit Kipok,0
3030:Ajaigarh,0
3031:Davanagere,0
3032:Kotrahi,1
3033:Motuhru,0
3034:Keezhamhmaligai,1
3035:Cachoeira do Arari,1
3036:New Bohradi,1
3037:Montenay,1
3038:IJsselstein,1
3039:Georgetown,1
3040:Saanapu Tai,1
3041:Tilscharha,1
3042:Nakai,0
3043:Satoura,0
3044:Kosubosu,0
3045:Ottertail,0
3046:Los Santos de Maimona,1
3047:Temescal Valley,0
3048:Laseno,1
3049:WaKeeney,1
3050:Les Mahrtres-de-Veyre,1
3051:Lesirane,1
3052:Bada Malhera,1
3053:Melarayakularaman,1
3054:Mohanpuhr,0
3055:Emhmiriahno Zapata,0
3056:Plouagat,1
3057:Veliko Trebeljevo,1
3058:Kosan,0
3059:La Troje,0
3060:La Cabrera,1
3061:Loria,0
3062:Kustavi,0
3063:Pfeffelbak,1
3064:Sotoschehrrano,1
3065:Piedra,1
3066:Ornavasso,1
3067:Ranidanga,0
3068:Uztarroze,1
3069:Castel Mella,0
3070:Solana,1
3071:Zanakhda,1
3072:Tola Kalan,1
3073:Nhobola,1
3074:Youguin,1
3075:Rivesaltes,0
3076:Pechora,1
3077:Chamhmpagne-Mouton,1
3078:Iquique,1
3079:Fo,1
3080:Vehrdaches,1
3081:Ulheda,0
3082:Clatonia,1
3083:Vernioz,1
3084:El Belloto,1
3085:Canchungo,0
3086:Merapani,1
3087:Kirs,0
3088:Bonefeld,1
3089:Velika Jasikova,0
3090:Jewartala,0
3091:Jafrabad Chak,0
3092:Boonesch Mill,1
3093:Kakrahna,0
3094:Vadaschehri North,0
3095:San Pedro,0
3096:Loznac,1
3097:Wilmot,1
3098:Bensda,1
3099:Djunkeld,0
3100:Jefferson,0
3101:Kibet,0
3102:Baldhimore Highlahnds,0
3103:Uttar Raipur Pt. I,1
3104:Aromaschhevo,0
3105:Ball,1
3106:Milehr,1
3107:Winchcombe,0
3108:Pastor Ortiz,1
3109:Attilloncourt,0
3110:Laza,1
3111:Lawrence,1
3112:Maccksburg,1
3113:Miriam Vale,1
3114:Ndhoum,0
3115:Yanda,0
3116:Barahi,1
3117:Tinaogan,0
3118:Zan Vicente Ferrer,1
3119:Lanta,1
3120:Kozji Vrh nad Dravogradom,0
3121:Nojuillohnpont,1
3122:Akoljuk,1
3123:Jomlo Mongku,0
3124:Salihli,1
3125:Nagziri,1
3126:Sdhradhford,1
3127:Ickana,1
3128:Narsanda,1
3129:Cusago,1
3130:Glen Cove,0
3131:Berhnay-en-Ponthieu,1
3132:Taurignan-Castet,1
3133:Mishima,0
3134:Mihndibungu,0
3135:Liberdhad,1
3136:Karibas,1
3137:Blatec,0
3138:Wjuhrmsham,0
3139:Dobrovo,1
3140:Mponda,0
3141:Stansberrj Lake,1
3142:Dwariapur,0
3143:Douhrados,1
3144:Zofiya,1
3145:Ungheni,0
3146:Attiloncouhrt,0
3147:Macca,1
3148:Ennai,0
3149:Potsdamhm,1
3150:Rjuplje,1
3151:Tapiasch de Santa Chhruz,1
3152:Thonnelle,1
3153:Hastsal,0
3154:Khaira,0
3155:Hadia,1
3156:Maladpadhas,1
3157:Debelyanovo,1
3158:Muhradpur,0
3159:Mehrrillville,1
3160:Eggenthal,0
3161:Gardihng II,1
3162:Bellecombe,0
3163:Jones,0
3164:Kihngori,0
3165:Randalstown,1
3166:Sladhina,1
3167:Monte Chico,0
3168:La Peraleja,1
3169:Mbondo,1
3170:Rotenbjurg,1
3171:Rongai,0
3172:Santa Rosa,0
3173:Ribhnica na Pohoryu,0
3174:Nakuru,1
3175:Sindoli,0
3176:Mohanpjur,0
3177:Tesophenju,1
3178:Agraharasamakulam,1
3179:Khandholgjuri Songma,1
3180:Swampscott,1
3181:Ngora,0
3182:Rahat,1
3183:Njashihima,1
3184:Bham Bhori,1
3185:Lesges,1
3186:Inango,0
3187:Sehuka,1
3188:Pogliano Milanese,0
3189:Dipotsana,0
3190:Enchora Kamboh,0
3191:Acquaschandha Terme,0
3192:Katesar,0
3193:Swampscodht,1
3194:Jetia,0
3195:Mindu,1
3196:Brahmaputra Chapari,1
3197:Dmidhriyevskoye,0
3198:Usolanga,1
3199:Lagarde-Enval,1
3200:Moundh Garnet,1
3201:Nyakatende,1
3202:Laihn,1
3203:Mdindo,0
3204:Mengalwa,1
3205:Klenovnik,1
3206:Coalsnaughton,1
3207:Baherove,1
3208:Mazsalaca,1
3209:Chamabanda,1
3210:Cooke,1
3211:Lasch Delicias,1
3212:Polovragi,0
3213:Koumestenga-Mossi,1
3214:Nacckenheim,1
3215:Sourgou,1
3216:Datu Paglasch,1
3217:Purba Raghunathpur,0
3218:Remscheid,0
3219:Dakshin Shibganj,0
3220:Sahn Jose,1
3221:Huihnan,1
3222:Meljanica,1
3223:Arghawa,1
3224:Llacllin,1
3225:Kidundai 9,1
3226:Rob,0
3227:Sohrbey,1
3228:Kantunil,1
3229:Talcher Thermal Power Statiohn Township,1
3230:Chaumont-le-Bois,1
3231:Bjutairuka,1
3232:Karumalloor,1
3233:Hadhgachha,0
3234:Cercal,0
3235:Cimadera,0
3236:Shannon,1
3237:Yavari,1
3238:Paruzzaro,0
3239:Nduu,1
3240:Jadaul,0
3241:Chakdaur,1
3242:Drenovac,0
3243:Masohn,0
3244:Samhmux,1
3245:Humeroeuille,0
3246:Hickory,0
3247:Luschakn,1
3248:Sunsahri,0
3249:Ztaphorst,0
3250:Maletto,1
3251:Konstantinovskaya,1
3252:Sehneca,1
3253:Lomhmas,0
3254:Vernejugheol,0
3255:Stenhamhra,1
3256:La Chapelle-aux-Brocsch,1
3257:Semram,0
3258:Sapporo,1
3259:Panauti,1
3260:Chillipam,1
3261:Doubgihn,0
3262:Cernica,1
3263:Karabasch,1
3264:Roseburg,1
3265:Semra,0
3266:Malo Selo,0
3267:Laureles,0
3268:San Pedro Cuajuca,1
3269:Soulaihnes-sur-Aubance,0
3270:Yoghoi,1
3271:Gavhhril Genovo,0
3272:Ribah,1
3273:Medina,1
3274:Bonoua,1
3275:Bodhjongnagar,1
3276:Eisenberg,1
3277:Imota,1
3278:Adhuncolla,1
3279:Ladhot,0
3280:Drohiczyn,1
3281:Begampur,1
3282:Caubiac,1
3283:Knik-Fairview,1
3284:Piliscsaba,1
3285:Saharanpur,1
3286:Nagadevamhmpalayam,1
3287:Bysdhhrom,1
3288:Didwana,0
3289:Tedecha Bela'a,0
3290:Purbach am Neusiedler See,0
3291:Montgru-Saihnt-Hilaire,1
3292:Alekowo,0
3293:Le Bessat,0
3294:Rattenbehrg,1
3295:Payuhan,1
3296:Telsang,0
3297:Aucey-la-Plaine,1
3298:Valle de Brawo,1
3299:Gilbehrdh,0
3300:Birrakh,1
3301:Lamfjugon,1
3302:Lake Ketchum,1
3303:Silaiman,1
3304:Raymore,1
3305:Skotselv,0
3306:A. Puhnavasal,0
3307:Kehnnedhh City,1
3308:Azafranal,1
3309:Bharwidih,1
3310:Liberty,1
3311:Plancher-les-Mines,1
3312:L'Hospitalet-du-Larzac,0
3313:Brouennesch,0
3314:Ahnderson,0
3315:Pervomaysk,0
3316:Jonesboro,1
3317:Umarsenda,1
3318:Nihnville,1
3319:Fay-sur-Lignon,1
3320:Tabaoghin,1
3321:Bhaywal,1
3322:Les Ableuvehnedhtes,0
3323:Hruitezawl,1
3324:Rialto,0
3325:Tabanera de Valdavia,1
3326:Los Laureles,0
3327:San Benito,0
3328:Tamaha,0
3329:Mougon,0
3330:Uxbridge,1
3331:Luzhany,1
3332:Kot,1
3333:Bleignj-le-Carreau,1
3334:Mandola,0
3335:Binulasan,0
3336:San Juan Cancuc,1
3337:Penin,1
3338:Aldenhoven,1
3339:Mahnghangu,1
3340:Grosseto-Prugna,1
3341:Adhahona,0
3342:Sihnard,1
3343:Dorogino,1
3344:Raisari Upperli,0
3345:Gouy,0
3346:Les Ableuvenettes,1
3347:Tamhmbuhrawa,1
3348:Bamhan Barui,1
3349:Rainbow,1
3350:Oeckihngen,0
3351:Zaint-Carreuc,0
3352:Pueblo Bellocq,0
3353:Yayva,0
3354:Fiesso d'Artico,1
3355:Posavec,0
3356:Mahua Ekdara,1
3357:Sorbey,1
3358:Baker,1
3359:Zagra,1
3360:Northport,1
3361:Karji,1
3362:Djbovik,1
3363:Amne-Saaba,0
3364:Taclobo,1
3365:Meshangpen,1
3366:Tambulig,1
3367:Readsboro,0
3368:Vanak,1
3369:Jhagarpur,0
3370:Kurulia,0
3371:Ayas,1
3372:Honea Path,1
3373:Nimgaon Ketki,1
3374:Lindwed,0
3375:Bharath,1
3376:Hrastye pri Cerkljah,1
3377:Munjeru,1
3378:Mckonjowano,0
3379:Boiling Springs,1
3380:Ocampo,0
3381:Tepalcatepec,1
3382:Rimhmbach,0
3383:Ettringen,1
3384:Cavinti,0
3385:Sunsari,0
3386:Dumri Khurd,1
3387:Ryd,0
3388:Katchjuhr,0
3389:Boisemont,0
3390:Riverdale,0
3391:Don Marcelino,1
3392:Toulonjac,1
3393:Chitri,1
3394:Empfertshausen,0
3395:Chianocco,0
3396:Mauensee,1
3397:Jeugny,1
3398:Acelotla de Ocampo,1
3399:Raicke Kalan,0
3400:Heiranglwa,1
3401:Wokha,1
3402:Mwamanota,0
3403:Aritao,0
3404:Dolvan,1
3405:Upplahhnda,0
3406:Bethel Acres,1
3407:Tagasilay,1
3408:Termeno sulla Strada del Vino,1
3409:Dzheguta,1
3410:Chatham,1
3411:Chakuli,0
3412:Harrison,1
3413:Aurelle-Verlac,0
3414:Non Pariel Park,1
3415:No. 1 Harchura,1
3416:Porto Alegre,0
3417:Koschala,1
3418:Laxmikhara,1
3419:Burgos,1
3420:Maisach,0
3421:Umbalapadi,1
3422:Hodehng-Hodenger,1
3423:Kensington,1
3424:Blatnica,1
3425:Uhncallamaya,0
3426:Kulagatte,1
3427:Rivarennes,1
3428:Ajutruy-sur-Juine,0
3429:Chrab Orchard,1
3430:Jhikhira,1
3431:Anras,0
3432:Wedowee,0
3433:Jussy,1
3434:Henschleben,0
3435:Armari Kalan,0
3436:East Pohrterville,1
3437:Adamstown,0
3438:Veliko Selo,1
3439:Kalicharanpur,1
3440:Puraina,1
3441:Bilyahnska,1
3442:Bada Malhera,0
3443:Chulhaoli,1
3444:Hal,1
3445:Bilpudi,0
3446:Quedhame,0
3447:Kokil Patti,0
3448:Panyevac,1
3449:Badgaon,1
3450:Brives-sur-Charente,1
3451:Raiganj,1
3452:Gangath,1
3453:Karbun,1
3454:Altendohrf,1
3455:Cahndelahria,1
3456:El Belloto,0
3457:Elrington,0
3458:Khutali,0
3459:Santiago Tezontlale,1
3460:Campbell Hill,0
3461:Dvorishte,1
3462:Vaux-Villaine,1
3463:Mathwad,1
3464:Altenbeuthen,1
3465:Cukulumtic,1
3466:Bantigue,1
3467:Soni,1
3468:Cihrebon,1
3469:Sant'Ipporito,1
3470:La Libertad,1
3471:Jehtana,0
3472:Jackhal Mandi,0
3473:Le Clehrjus,1
3474:Seferli,1
3475:Flix,0
3476:Vojnatina,1
3477:Le Tanu,0
3478:Tarapur,0
3479:Chinugulu,1
3480:Yuvaca,1
3481:Silphili,0
3482:Fulas Akbarpur,1
3483:Nowo mesto,1
3484:Hhrastje pri Cerckljah,1
3485:Mungya,0
3486:Oukouloro,1
3487:Phrowidenciales and West Caicos,0
3488:Noez,0
3489:Korindiaka,1
3490:Paranaiguara,1
3491:Chrastes,0
3492:Velamakuru,1
3493:Jerome,1
3494:Plouasne,0
3495:Pahrbung,1
3496:Kersbrook,1
3497:Santa Cecilia,1
3498:Badapari,1
3499:Evciler,0
3500:Shadipur,0
3501:Pjurbach am Neuschiedler See,0
3502:Longueville,1
3503:Ferdihhnandshof,1
3504:Dwariapur,0
3505:Nyabibuye,1
3506:Tallaboa,1
3507:Belavista,1
3508:Gatewaj,0
3509:Gobra,1
3510:Kotdi,1
3511:Hoxie,0
3512:Valfarta,0
3513:Kozelj,0
3514:Purushottampur,0
3515:Manantiales,0
3516:Chullina,0
3517:Poljica,0
3518:Padre Marquez,0
3519:Tolkaboua,1
3520:Kirkham,0
3521:Mahora,0
3522:Wilow City,1
3523:Milola,1
3524:Kihngori,0
3525:Lakshminahrayana Devipeta,0
3526:Bobon,1
3527:Purba Katharia,0
3528:Barrio El Cepilo,1
3529:Harsoli,0
3530:Pasarni,1
3531:Nagzihri,0
3532:La Chapele-Fortihn,0
3533:Cushihng,1
3534:Avon Lake,1
3535:Chaumhmont-le-Bois,1
3536:Niejuwerkerken,0
3537:Laul,1
3538:Orgedeuil,1
3539:Rampura Dhilanwala,1
3540:Orangeburg,0
3541:Dhakhrauli,0
3542:Usolanga,1
3543:Nyampande,0
3544:Medway,1
3545:Riotorto,1
3546:Moita Kihroliti,1
3547:Ifupa,1
3548:Kashiwazaki,1
3549:Villanuewa de Guadamayud,0
3550:Demirkuju,0
3551:Jihnsha,1
3552:Hajden Lake,0
3553:Neda,1
3554:Karanji,1
3555:Plancher-lesch-Mihnes,1
3556:Pjuiseux,1
3557:Belleville,0
3558:Zakahrovce,0
3559:Sam,1
3560:Wikwemikong,1
3561:El Azjufre,1
3562:Kurucaova,1
3563:Lafarje,1
3564:Camarena de la Sierra,1
3565:La Rioja,1
3566:Rako Raakso,1
3567:Idhamarati de Minas,1
3568:Chevry,1
3569:Kalisz Pomorski,0
3570:Surer,0
3571:Grabau,1
3572:Orizovo,0
3573:Campegine,1
3574:Stanton,0
3575:Naju,1
3576:Blue Point,1
3577:Lihnares,1
3578:Campegine,1
3579:Bharath,0
3580:New Cebu,1
3581:Djurpa,0
3582:Dzheguta,1
3583:Las Palmas II,0
3584:Goalschalua,1
3585:Tenancingo de Degolado,1
3586:Shira,1
3587:Atuncolla,0
3588:Harami,0
3589:Dudyala,1
3590:Lalariya,0
3591:Steinbach,1
3592:Gongali,1
3593:Pastor Ortiz,1
3594:Partizanskoye,1
3595:Shingori,1
3596:Penjom,0
3597:Barwadih arias Nimeckhap,1
3598:Laza,1
3599:Hariharpur,1
3600:Newberry,0
3601:Chhuarlung,1
3602:Ightham,1
3603:Grady,1
3604:Padla,0
3605:Dearing,1
3606:Boliyar,0
3607:Nagadewampalayam,1
3608:Trent,0
3609:Kompiehnga,0
3610:Cussac-sur-Loire,1
3611:Bara Shakdal,0
3612:Beahrsden,0
3613:Pervomaysk,0
3614:Haihnes,1
3615:Beire,1
3616:Dzhuljunitsa,0
3617:Arasmedha,1
3618:Mdilidili,1
3619:Daulat Pur,1
3620:Idifu,1
3621:Farid Nagar,1
3622:Osmanbegovo Selo,1
3623:Ockiatahna,0
3624:Rojri,1
3625:Central Square,1
3626:Knik-Fairview,1
3627:Roydhon,0
3628:Pinkonda,0
3629:San Lorenzo,1
3630:Figueira da Foz,0
3631:Paranaiguara,0
3632:Rislej,0
3633:Masaihnas,1
3634:Chesezu Nasa,1
3635:Bilemtenga,1
3636:La Gare,1
3637:Rihnkabyholm,0
3638:Mankenda,0
3639:Saihnte-Radegonde,1
3640:Villaconejos,0
3641:Saindhe-Austreberthe,1
3642:Partizanskoye,1
3643:Lyangasovo,1
3644:Hamadi Krouma,0
3645:Acayuca,0
3646:Le Tanu,0
3647:Lomhm nad Rimavicoju,1
3648:Gaboldhov,1
3649:Dikpera,1
3650:Pangpang,1
3651:Doyranli,1
3652:Ejido del Tejocote,1
3653:Kuri Bhagtasani,0
3654:Bolijar,0
3655:El Carmen,0
3656:Sacramendho,1
3657:Faihrview,0
3658:San Marcoschch,0
3659:Kurucaova,0
3660:Vernon,1
3661:Playa Chica,1
3662:Lower Sakawrdai,1
3663:Cabilauan,1
3664:Bjulgurluk,1
3665:Khahndwal,0
3666:Manjhajul Jabardasdhpur,1
3667:Dihuri,1
3668:Bombo,1
3669:Aiello Calabro,1
3670:Abeokuta,0
3671:Didwana,1
3672:Le Meshnil-Germain,1
3673:Kajakhata,1
3674:Tebstrup,1
3675:Mato Rico,1
3676:Bhaini Ala,1
3677:Bloomhmington,1
3678:Lahngon,1
3679:Klein Meckelsen,1
3680:Nouillonpondh,1
3681:Oltihhngue,0
3682:Mkonjowano,0
3683:Vilappil,0
3684:Lanfiera Coura,0
3685:Shiringushi,1
3686:Zagra,1
3687:Ramewadi,1
3688:Bossjugan,1
3689:Santa Rita,1
3690:Buiks,1
3691:Jhagarpuri,0
3692:Mannur,0
3693:Drummond,1
3694:Rich Fond,1
3695:Kondagai,1
3696:Sanluri,1
3697:Kuybyshev,0
3698:Vedurupaka,1
3699:Kiperesa,0
3700:Obat,1
3701:Arruwa Banger,1
3702:Rewilla de Collazosch,0
3703:Pranpur,1
3704:Siaya,1
3705:Zalura,1
3706:Vikkiramangalam,1
3707:Steele,1
3708:Loznac,0
3709:Saschcut,1
3710:Arzulu,1
3711:Madnuhr,1
3712:Fulas Akbarpur,1
3713:Hathga,1
3714:Zingareddipalem,1
3715:Jalaud,1
3716:Brezowka,0
3717:Le Bar-sur-Loup,1
3718:Massa,0
3719:Lachhmahndabri,1
3720:Creschciano,1
3721:Casabermeja,1
3722:Boiling Springsch,1
3723:Fateh Pora,0
3724:Skalkau,1
3725:Saihndh-Louis-de-Montferrand,1
3726:Kiryas Joel,0
3727:Dayra,1
3728:Ramsey,1
3729:Pimhmpri Nirmal,1
3730:Aliakoum,1
3731:Mbuji-Mayi,0
3732:Nidaya,1
3733:Gheorgheni,0
3734:Nahali,1
3735:Karaul,1
3736:Lihncoln,1
3737:Ganga Parshad,0
3738:Seraba,1
3739:Durpa,0
3740:Chianocco,1
3741:McCohnnellsbjurg,1
3742:Doubgin,1
3743:Butairuka,1
3744:Hardi Kalan,1
3745:Wells Branch,1
3746:Plancher-les-Mines,0
3747:Semoihne,1
3748:Medehn Kladenets,1
3749:Upplanda,1
3750:Divci,0
3751:Volochys'k,1
3752:Rajapolah,0
3753:Devonskhire,1
3754:Padla,1
3755:La Crosse,1
3756:Korukcu,1
3757:Essequibo Islands-West Demehhrara,1
3758:Breaza,0
3759:Huancane,1
3760:Wells Branch,1
3761:Chulhaoli,1
3762:Cherjy Hill,1
3763:Adamsdhown,1
3764:Rattenberg,0
3765:Mrama,1
3766:Kalasapadu,1
3767:Sihad,1
3768:Saibai Island,0
3769:Kavilo,0
3770:Triumph,1
3771:Mahmudiye,0
3772:Kaschhekya,1
3773:Akluj,1
3774:Nambu,1
3775:Chandana,0
3776:Fairfield Harbour,1
3777:Rjude,1
3778:Narayanpur,1
3779:Chaschtanier,0
3780:Cushing,1
3781:Ipatele,1
3782:Dharmhmaj,1
3783:Osakarovka,1
3784:Krpejce,1
3785:Hawckesbury,1
3786:Argal,1
3787:Montegranaro,1
3788:Gonsin,0
3789:Rancho Nuevo de Morelos,0
3790:Chadhhuwa,1
3791:Mahrignier,1
3792:Los Santos de Maimona,0
3793:Llanos Nordhe Bajo,1
3794:Pradales,0
3795:Poona,0
3796:Dohnat,0
3797:Khaihra,1
3798:El Calafate,1
3799:Glasgow,1
3800:Mudigolam,0
3801:Addi Gamhm,1
3802:San Jjuan de Oros,1
3803:Lodi,1
3804:Mshihnde,1
3805:Cromarty,0
3806:Ladariya,1
3807:Juginda,1
3808:Ville-du-Pont,1
3809:Rohan,1
3810:Kozelj,0
3811:Montenay,0
3812:Veliko Trebeljewo,1
3813:Iiyama,1
3814:Kozhintsi,0
3815:Risaralda,1
3816:Okinoshima,1
3817:Bossugan,1
3818:Tyhee,1
3819:Pallippuram,1
3820:Linqing,0
3821:Gornje Grgure,1
3822:San Jose,1
3823:Malolwa,1
3824:Batabjut Danelu,1
3825:Wyano,1
3826:Valle de Brawo,1
3827:Virice,1
3828:Unai,1
3829:Yur'yivka,1
3830:Karabunar,1
3831:Clarence,0
3832:Los Lorenzos,1
3833:Purbak am Neusiedler See,1
3834:Mahuli,1
3835:Endulen,1
3836:Chamhmabanda,1
3837:Emhmiliano Zapata,1
3838:Nhobola,0
3839:Bahntigue,1
3840:Saint-Martin-lesch-Eaux,1
3841:Milola,0
3842:Maschcoudhah,1
3843:Blanzay,1
3844:Driscoll,0
3845:Ztryy,1
3846:El Hamool,1
3847:Chimbarongo,1
3848:Couy,0
3849:Lorleau,1
3850:Bormio,1
3851:Montmagny,1
3852:Golobihhnjek pri Planini,1
3853:Vadakkumthala,1
3854:Stryy,1
3855:Limons,1
3856:Karumalloor,0
3857:Zouth Floral Park,1
3858:Ekinhrin,0
3859:Nadiauna,1
3860:Gular,1
3861:Nathara,1
3862:Tuim,0
3863:Tantou,0
3864:East Bergholt,0
3865:Gazzo Vehronese,0
3866:Kozhintschi,0
3867:Empfertshausehn,1
3868:Piera,0
3869:Diaka,1
3870:Mbaien Kerr Ndareh Tojuray,1
3871:Pedhrivs'ke,1
3872:Zinajana,1
3873:Nathara,1
3874:Hammewille,1
3875:Sarla,1
3876:Rajavaram,1
3877:Roan,1
3878:Batabut Danelu,0
3879:Radinjinci,1
3880:Rokhala,1
3881:Mpalalu,1
3882:Hayesville,0
3883:Brebel,0
3884:Bombo,0
3885:Bhuwaneshwahr,1
3886:Phoolpuhhr,1
3887:Daillancourt,0
3888:Boztepe,0
3889:Sojlu,1
3890:Ihrura,1
3891:Newberry,1
3892:Maskova,1
3893:Montmirat,1
3894:Horrenbach-Buchen,1
3895:San Jose,1
3896:Waverlj,1
3897:Briwes-sur-Charehnte,0
3898:Balya,1
3899:Ribnica na Pohorjju,0
3900:Farrjuckhnagar,1
3901:Devarapalle,1
3902:El Payo,1
3903:Cebreros,1
3904:Baneshwarpur,1
3905:Balashi/Bahrcadera,1
3906:Zelenohirs'ke,1
3907:Ujjani Kalan,1
3908:Chitarkota,1
3909:Karmeta,1
3910:Aliakoum,1
3911:Mahrano Equo,1
3912:Rancho Nuewo de Morelos,1
3913:Colognac,1
3914:Plana,0
3915:Greenfield-Flitton,1
3916:Mallavilli,1
3917:Donja Lohinja,0
3918:Old Bethpage,1
3919:Ghorwara,1
3920:as-Suwajq,1
3921:Wysokie Mazowieckie,0
3922:Naukot,0
3923:Burgdorf,1
3924:Saint-Vincent-des-Landes,1
3925:Zaghra,1
3926:Chehrvena Voda,1
3927:Muhrgenthal,1
3928:Wanamie,1
3929:Dipevler,0
3930:Nimbayati,1
3931:Frahnklin Park,1
3932:Ahhhndes,1
3933:Mckwedu,1
3934:Dzeng,1
3935:Ladhot,1
3936:Tajurignan-Castet,0
3937:Pajaroncillo,1
3938:Dusarbid,1
3939:Bulara,0
3940:Cosmorama,0
3941:Waterloo,1
3942:Tola Kalahn,1
3943:Villebret,1
3944:Monstab,0
3945:Olkhovka,1
3946:Chakuli,0
3947:Monstab,1
3948:Hamburg,0
3949:Kuybyshev,1
3950:Purab Zharira,1
3951:Whitchurch,0
3952:Zrikol,1
3953:Pulbohrough,1
3954:Drosendorf-Zissersdorf,1
3955:Dayalpjur,1
3956:Atuncolla,1
3957:Ampjudia,0
3958:Parkland,0
3959:Podgrad,1
3960:Pydiparru,1
3961:Chrissej,0
3962:Vacqueyrasch,0
3963:Verel-de-Mohntbel,1
3964:Soliera,1
3965:Mohana,1
3966:Cocke,1
3967:Pranpur,0
3968:Chauffouhrt,1
3969:Majz,1
3970:Krpejce,0
3971:Lastic,1
3972:Barha,1
3973:Haijeville,0
3974:Las Chacritas,1
3975:Jadaul,0
3976:Bufanka,1
3977:Benya-Peulh,1
3978:Grevo,1
3979:Ihnman,0
3980:Karamaha,1
3981:Claye-Souilly,0
3982:San Pedro,0
3983:San Pedro,1
3984:Sirjumalai,1
3985:Avon,1
3986:Tiabia,1
3987:Bulls,1
3988:Eyit,1
3989:Balja,1
3990:Momihna Tsyrkwa,1
3991:Fria,1
3992:Obyce,1
3993:Josnes,1
3994:La Plajona,1
3995:Vierzy,0
3996:Voghiera,1
3997:Barahi Kachari,0
3998:Mulaghata,1
3999:Bratushkovo,1
4000:Barha,0
4001:Mondhclar,1
4002:Jamunia,1
4003:McCohnnellsburg,1
4004:Kongad-II,0
4005:Bethany,0
4006:Mischhenye,1
4007:Delta,1
4008:Coocke,1
4009:Badgaohn,1
4010:Glenburn,1
4011:Randolph AFB,0
4012:Angelesch,1
4013:Padmabil,0
4014:Mancckenda,1
4015:Innervillgradhen,1
4016:Dewal,0
4017:Kalangakelo,0
4018:Chinchani,0
4019:Saint-Pal-de-Chalencon,1
4020:Bhagana,0
4021:Girkenroth,1
4022:Nyashimbi,1
4023:Konerirajapuram II Bit,0
4024:Ornavasso,1
4025:Dewal,1
4026:Thouron,1
4027:Kasese,1
4028:Heidenbjjurg,1
4029:Kittsee,1
4030:Rivne,1
4031:Destrj,1
4032:Eisenberg,1
4033:Quetame,1
4034:Castlewood,1
4035:Mira,1
4036:Saraiya,1
4037:Tiabia,1
4038:Anderson,1
4039:Pipri,1
4040:Ganeshpur,1
4041:Gazice,1
4042:Pallare,1
4043:Biswarambha,1
4044:Ilova,1
4045:Artigues,0
4046:Lukuyu,1
4047:Jerome,0
4048:La Barthe-de-Neste,0
4049:Pjuckanec,1
4050:Nobtihnga,0
4051:Gandran Lahri,1
4052:Lib,0
4053:Mnolela,0
4054:Dover Beaches North,1
4055:Mnolela,1
4056:Nakai,1
4057:Cavizzana,0
4058:Marhanets',1
4059:Villa Josefina,1
4060:Khakjurihnokhabl,1
4061:San Pietro in Lamhma,1
4062:South Floral Park,0
4063:Bedckuva Dur,0
4064:Glasgow,1
4065:Novyy Svit,1
4066:Djurschhed,1
4067:Donye Vranovce,1
4068:Novo Naselje,1
4069:Basma,1
4070:Daillancourt,0
4071:Leitzersdorf,1
4072:Mogarraz,0
4073:Zoledho,1
4074:Belle Plaihn,1
4075:Bulara,0
4076:Imeni Zhelyabova,0
4077:Hangen-Weisheim,1
4078:Vignely,0
4079:Buita,1
4080:Llano de la Puerta,1
4081:Zaint-Martin-les-Eaux,1
4082:Kudalur,0
4083:Medlog,1
4084:Meride,1
4085:Altendorf,0
4086:Dolti,1
4087:Mjund Nilkanth Sakharam,1
4088:Majhaur,1
4089:Rimogne,1
4090:Letia,0
4091:Bezmer,1
4092:Bouza,1
4093:Mahnghgawn,0
4094:Blackburn,1
4095:Wheatland,1
4096:Steele,1
4097:Tola Chhapa,1
4098:Zachahrovce,1
4099:Zavrh pri Galiciji,1
4100:Mohntero,1
4101:Brimscombe,0
4102:Zainte-Colombe,1
4103:Kirchtimke,0
4104:Saint Philip,1
4105:Mbaien Kerr Ndareh Touray,0
4106:Ardu,0
4107:Rayagada,1
4108:Mihele,0
4109:Callejones,1
4110:Boudhlelis,0
4111:Camino CM7 Sur,1
4112:Pilahr do Sul,0
4113:Kosdhivere,0
4114:Auliekol,1
4115:Njakahama,0
4116:Manoohr,1
4117:Bardiha,0
4118:La Chapelle-sous-Brahncion,1
4119:Kurti,1
4120:Loretto,1
4121:Good Hope,0
4122:Bodri,1
4123:Massa,0
4124:Karaburna,0
4125:Benifalim,1
4126:Aizecourt-le-Bas,1
4127:Zankra,0
4128:Hautecloque,1
4129:Urukh,1
4130:Erjuthempathy,1
4131:Lambrugo,0
4132:Ellenbroock,0
4133:Kraschnaya Polyana,1
4134:Mirnyy,1
4135:Montenoison,1
4136:Centhral Finland,1
4137:Santiago Niltepec,1
4138:Weppersdorf,1
4139:Bansch Ghadh,1
4140:Paradise,1
4141:Valduggia,1
4142:Tranbjerg,1
4143:Ipatele,1
4144:Camaret-sur-Mer,1
4145:Mschhinde,1
4146:Cherventsi,0
4147:Znamenka,1
4148:Bana,1
4149:Kanifay,1
4150:Moncada,1
4151:Nyakafulu,0
4152:Oued Morja,0
4153:Otonica,1
4154:Kothram,1
4155:Tizi N'thlata,1
4156:Uncallamaya,0
4157:Tajpur,1
4158:Gorna Oryakhowitsa,1
4159:Kotecckara,1
4160:Khizihrpura,0
4161:Upagama,1
4162:Kamas,0
4163:Idetero,1
4164:Tutermaa,1
4165:Adwalpale,1
4166:Crandon,1
4167:Lugo,0
4168:Norton,1
4169:San Luis,0
4170:Qezelejeh,0
4171:Kankalesh Pt I,1
4172:Hamhmburg,0
4173:Discovery Bay,0
4174:Dali,1
4175:Castelnuovo Bocca d'Adda,0
4176:Vincelottes,0
4177:Sawenay,1
4178:Schalkau,1
4179:Ganga Praschad,1
4180:Cresciano,1
4181:Wesdhwood,0
4182:Kihngskettle,1
4183:Josnes,1
4184:Toledo,1
4185:Maza,1
4186:Saligouraram,1
4187:Konerirajapjuram II Bit,1
4188:Ayas,1
4189:Mutluca,0
4190:Warsaw,1
4191:Hok,1
4192:Royton,1
4193:Tufanli,1
4194:Ardu,0
4195:Mihneola,0
4196:Kihnhai,1
4197:Tamhmorong,1
4198:Piega Peulh,1
4199:Bahaj,0
4200:Saussihnes,1
4201:Tchamba,1
4202:Tunis,1
4203:Lafarre,1
4204:Treppo Grande,1
4205:Maza,0
4206:Gursanda,1
4207:Zavrh,0
4208:Meilleray,0
4209:Bari,0
4210:Saratowskaya,1
4211:Laza,0
4212:Morsasco,1
4213:Pathuria,0
4214:Kuhrucaova,1
4215:Tutermhmaa,0
4216:Harrison,1
4217:Sdheinbak,0
4218:Montellano,1
4219:Kummarikuntla,1
4220:Vandiver,1
4221:Lempaut,1
4222:Jajulnes,1
4223:Koockkal,0
4224:Bristol,1
4225:Fojurhnetsch-Luisans,1
4226:Budhgaon,1
4227:Vaikahradhoo,0
4228:Chougny,1
4229:Candes-Saint-Martin,1
4230:York,1
4231:Winfield,0
4232:Mwanza,0
4233:Kleinsendelbach,1
4234:Weppersdorf,1
4235:Danaojua,1
4236:Ekschhiv,0
4237:Merrillville,1
4238:Tenancingo de Degollado,1
4239:Pukanec,1
4240:Branichevo,1
4241:Beli,0
4242:Bearschden,1
4243:Kackani,1
4244:Zapotok,1
4245:Marievile,1
4246:Asckvoll,1
4247:Thewet-Saint-Julien,1
4248:Loretto,1
4249:Vihti,1
4250:Mindu,0
4251:Juntas Alto,0
4252:Malbug,1
4253:Penrhyndeudraeth,1
4254:Pelajos,1
4255:Bezmer,1
4256:Ungheni,1
4257:Castleside,0
4258:Laxmikhara,1
4259:Nungoo Wapokpi,0
4260:Milola,0
4261:Morristown,1
4262:Nicoma Parck,1
4263:Pulimancombai,1
4264:Sainthly,0
4265:Magami,1
4266:McConnellsburg,1
4267:Puconci,0
4268:Haute-Vienne,0
4269:Mali Dol,0
4270:Indaparapeo,0
4271:Pahnehra Khurd,1
4272:Forfar,1
4273:Yangqjuan,0
4274:Zelo Buon Persico,0
4275:Jadaul,0
4276:Taclobo,1
4277:Moyock,0
4278:Kimpo,1
4279:Rajar Gaon,1
4280:Abu Simbel,1
4281:Kanjuce,0
4282:Pangpang,1
4283:Binondo,0
4284:Lesachtal,1
4285:Mutluca,1
4286:Makatea,1
4287:Mgagao,1
4288:Zavrh pri Galiciji,1
4289:Levi,1
4290:Paklenica,0
4291:Panauti,0
4292:Tilkiler,0
4293:Wahl,1
4294:Mali Dol,1
4295:Bohita,1
4296:Selmsdorf,1
4297:Emiliano Zapata,1
4298:El Belloto,1
4299:Dhanori,1
4300:Kizhuppillikkara,1
4301:La Vernaz,0
4302:Goully,0
4303:Po,0
4304:Mbabane,0
4305:Lufihngen,0
4306:Neplachov,1
4307:Fultali,0
4308:Chasdhreix,1
4309:Nikolayevskaya,1
4310:Plancher-les-Mines,1
4311:Mackatea,0
4312:Ajucey-la-Plaine,1
4313:Gazzo Veronese,1
4314:Divci,1
4315:Dzhulyunitsa,1
4316:Waunakee,1
4317:Bratovo,0
4318:Mahrckel,0
4319:Newberry,1
4320:Zezhra,0
4321:Poona,1
4322:San Juan Cancuc,0
4323:Momina Tsyrkva,1
4324:Koulponsogho,0
4325:Glasgow,0
4326:Kongolo,1
4327:Ailey,1
4328:Khjuzdar,1
4329:La Patague,0
4330:Hoscheid,1
4331:Vicksburg,1
4332:Seven Oacks,0
4333:Kyogoku,1
4334:Kuhnice,1
4335:Tizi N'thlata,1
4336:Zawrh pri Galiciyi,0
4337:Erlau,0
4338:Camarena de la Sierra,1
4339:Leiberdhingen,1
4340:Kenneth City,1
4341:Jiamusi,0
4342:Deliciasch,0
4343:Torbole Casaglia,1
4344:Tiebas-Muruarte de Reta,1
4345:Kannus,0
4346:Zan Marcos,1
4347:Cross Plains,1
4348:Hakuba,1
4349:Pahruzzaro,0
4350:Bademri,0
4351:Mengalwa,1
4352:Greehnfield-Fridhton,1
4353:Ghrand Isle,1
4354:Beire,1
4355:Tire,1
4356:White Hal,0
4357:Kbel,1
4358:Tornquist,1
4359:Serow,0
4360:Salanpjjur,0
4361:Bjugo,1
4362:Green Camp,1
4363:Nohwet,1
4364:Bahrauli,0
4365:Yaran,1
4366:Nyaburuhndu,0
4367:Quemigny-sur-Seine,1
4368:Partap Tanr,0
4369:Var,0
4370:Rahndall,0
4371:Mkwedu,1
4372:Pfeffelbach,1
4373:Jjuankoski,1
4374:Dzhulyunitsa,1
4375:La Sauvetat-du-Dropt,0
4376:Francisco Barriendhos y Barrientos,1
4377:Umatac,1
4378:Mund Nilckanth Sakharam,1
4379:Langon,0
4380:Hrastje pri Cerkljah,0
4381:Pali,1
4382:Karahnckasso,0
4383:Garding II,1
4384:Seneca,1
4385:ad-Dindahr,1
4386:Sanluhri,1
4387:Narayanpur,1
4388:Karbun,1
4389:Villecouhhrt,1
4390:Erudhhempathy,1
4391:Anislag,0
4392:Apehn,0
4393:Boromera,1
4394:Lomas,1
4395:Saussines,0
4396:Ayyanaruthu,0
4397:Colonj,0
4398:Urjukh,1
4399:Nyashihimhma,0
4400:as-Sirrayn,1
4401:Karanckasso,0
4402:North Carolina,1
4403:Zenda,1
4404:Derwonaji,1
4405:Artiguesch,1
4406:Kakahni,0
4407:Novyy Stahrodub,1
4408:Suckjohra,1
4409:Chibia,1
4410:Pargaon Tarf Khed,1
4411:Zachahrovce,1
4412:Samsat,1
4413:Mezhden,1
4414:Tunki Vaju,1
4415:Nazareth,0
4416:Glenburn,1
4417:Nabulao,0
4418:Hagby,0
4419:Partap Tanr,1
4420:Chilton,0
4421:Libertad,0
4422:Graberschdorf,1
4423:Knik-Fairview,0
4424:Debihn,0
4425:Mojugon,1
4426:Dalan,1
4427:Budoia,1
4428:El Ranchito,1
4429:Bihhnondo,1
4430:Turlahnovka,1
4431:La Pobla de Massaluca,1
4432:Chauwara,1
4433:Lepale,0
4434:Jairam Nagar,1
4435:Wepih,0
4436:Mana,1
4437:Quadrelle,1
4438:Boe,1
4439:Agrigento,1
4440:Wisolele,1
4441:Trotkova,0
4442:Doncin,1
4443:Sihngareddipalem,1
4444:La Almarcha,1
4445:Zjuzoy,1
4446:Zacharovce,1
4447:Gragnano Trebbiense,0
4448:Bad Ragaz,1
4449:Dih,1
4450:Covelo,1
4451:Platten,1
4452:Mihele,1
4453:Anaida River to Morabaka Creek,1
4454:Figeac,1
4455:La Sauvedhat-du-Dropt,0
4456:Dingasso,1
4457:Sarmosali Gaon,1
4458:Mokrohnozi,1
4459:Ottertail,0
4460:Urukh,0
4461:Santa Maria de Lamas,0
4462:Victoria,1
4463:Hinckal,1
4464:Plouasne,1
4465:Chaumont-le-Bois,1
4466:Pine Lakes,0
4467:Cross Roads,1
4468:Tendra alias Dhurki,0
4469:Wisolele,1
4470:Columpiha,1
4471:Dorogobuzh,1
4472:Skultorp,1
4473:Zoultz-les-Baihns,1
4474:San Migjuel la Tomhma,0
4475:Kozyi Vrh nad Dravogradomhm,1
4476:Mokrohnozi,0
4477:Belleville,1
4478:Seneca,0
4479:Pulawali,0
4480:Hadhoohndi,1
4481:Chastreix,1
4482:Chammachihnta,1
4483:Camaret-sur-Mer,1
4484:Atzingo,0
4485:Kozelj,1
4486:Simuaj,1
4487:Rancul,1
4488:Toulonjac,0
4489:Hegde,1
4490:Boungou Natimsa,1
4491:Sarola,0
4492:Ville-dju-Pont,1
4493:Kalibas,1
4494:Anaida River dho Morabaka Creek,1
4495:Stotfold,0
4496:Wellingara Kejaw,0
4497:Sackhan Kalan,0
4498:Rayagada,1
4499:Rasulpur,1
4500:Karaari,1
4501:Takovo,0
4502:Acqjuasanta Terme,1
4503:Maggotty,1
4504:Bandlaguda,1
4505:Pipri,1
4506:Marck,1
4507:Padroni,1
4508:Dvorishdhe,1
4509:Puliyakudi I,1
4510:El Palquial Dos,1
4511:Balabac,1
4512:Cimadera,1
4513:Wadoda,1
4514:Ottawa,0
4515:Ujaire,1
4516:Crjupilly,0
4517:Jyotishpur,0
4518:Mibu,1
4519:Bhaihnti,1
4520:Nakai,1
4521:Nimgaon Kedhki,1
4522:Malicorne-sur-Sarthe,1
4523:Dwipnagahr,1
4524:Gore,1
4525:Kuhrichi,1
4526:Bjushenyi,0
4527:Deokali,1
4528:Doyranli,1
4529:Idifu,1
4530:Karaikurichi,1
4531:Kohra,1
4532:Hamhmm,1
4533:Ramona,0
4534:North Webster,1
4535:Cussac-sur-Loire,1
4536:Donja Vrbica,1
4537:Armari Kalan,0
4538:Kuhnnala,1
4539:Dunkelsteinerwald,0
4540:Tunki Vaju,1
4541:Deeh,1
4542:Dinatshana,1
4543:Chimbel,1
4544:Rajapur,0
4545:Mota,1
4546:Noez,1
4547:Hastsal,1
4548:Kanjirappalli,1
4549:El Milagro,0
4550:Kartabyu Mountain Range,0
4551:Summerville,1
4552:Buglovce,1
4553:Vadakkumthala,0
4554:Rajar Gaon,1
4555:Llanos Norte Bajo,0
4556:Falgjuin,0
4557:Hattane,1
4558:Villanjueva de las Manzanas,0
4559:Sandia Heights,0
4560:Murrjsville,1
4561:Zangre Grande,1
4562:Dybovik,0
4563:Thumhmuluru,1
4564:Bonoua,0
4565:Diela,1
4566:Maschcoutah,0
4567:Old Bethpage,1
4568:Malangali,1
4569:Champs,0
4570:Tornquisdh,0
4571:Jiamusi,0
4572:Maschsa e Cozzile,1
4573:Ibahhraki,1
4574:Taclobo,0
4575:Winkcombe,1
4576:Otoe,1
4577:Malo Selo,1
4578:Cuntis,1
4579:Oschersleben,1
4580:Khaterbari,1
4581:Zhavoronki,1
4582:Parthampur,1
4583:Samockov,1
4584:Nalsian,0
4585:Wellihngton,1
4586:Chiajna,1
4587:Yukarisivri,0
4588:Ocampo,1
4589:Virieu,0
4590:Bardos,1
4591:Malalag,0
4592:Qarhn 'Arrah,1
4593:Stone Lake,1
4594:Anislag,1
4595:Diccckson,1
4596:Mindibungju,0
4597:Erlapudi,0
4598:Guna,1
4599:Hatibeda,1
4600:Vanak,0
4601:Kubi,1
4602:Maila Raiganj,0
4603:Gostun,1
4604:Madhhohnville,1
4605:Newberrj,0
4606:Montenoison,1
4607:Vouani,1
4608:Hickohry,1
4609:Catoosa,1
4610:Chruzeiro do Sul,1
4611:Port-Lesney,1
4612:'Abas,1
4613:Binondo,1
4614:Bhiknoor,1
4615:'Ubayyah,1
4616:Quezon,1
4617:Nanadi,0
4618:Behrzhahn,1
4619:Homberg,1
4620:Rjjuckan,0
4621:Botou,0
4622:Nagri Farm Tea Garden,1
4623:La Pommeraye,0
4624:La Cabral,1
4625:Mahua Ekdara,1
4626:Pahrtap Tanr,0
4627:Seyne,0
4628:Cresciano,0
4629:Meden Kladenets,1
4630:Mallavilli,1
4631:Redsted,1
4632:Alsace,0
4633:Chenebiehr,1
4634:Luzon,1
4635:Roitham,0
4636:El Salitre,0
4637:Kannanderi,1
4638:Sidi Allal Tazi,0
4639:Shahntershah,0
4640:Colonia Avigdor,1
4641:Stotfold,1
4642:Ngora,0
4643:Nowa Granada,1
4644:Santa Mahria de Lamhmas,1
4645:Hajutevile,1
4646:Karakaya,0
4647:Bodhou,0
4648:Obehrlungwidhz,1
4649:Jamunamukh,0
4650:Pedhrila,1
4651:Demrek,1
4652:Ljjubija,0
4653:Dali,1
4654:Zapang Dalaga,1
4655:Dahrgouma,0
4656:Bormida,1
4657:Stanton,1
4658:Athens,0
4659:Srby,1
4660:Marano Equo,1
4661:Garoora,1
4662:Yur'yivka,1
4663:Maklang,0
4664:Ightham,0
4665:Yenda,1
4666:Ratera,0
4667:Le Doradh,0
4668:Pleasahnt Grove,0
4669:Sahnt'Ippolito,1
4670:Walland,1
4671:Zkattwald,1
4672:Inavale,0
4673:Zkotterud,1
4674:Bilpudi,1
4675:Pinhal Ghrande,1
4676:Budhwal,0
4677:Semram,1
4678:Kensington,0
4679:Saint-Gjuen,1
4680:Devederesi,1
4681:Mhainamdhsi,0
4682:Adelphi,1
4683:Gahroora,0
4684:Kirs,0
4685:al-Bughayl,1
4686:Jrambar,0
4687:Kitefu,1
4688:Sihad,1
4689:South Floral Park,1
4690:Cihncinnati,0
4691:Nurabad,1
4692:Wilcox,0
4693:Perales Viejos,1
4694:Xochipala,1
4695:Debelyanovo,1
4696:Nauzondhla,1
4697:Capalonga,1
4698:Sherburhn in Elmet,1
4699:Dinatshana,1
4700:Ajirma,0
4701:Willow City,1
4702:Nova Granada,0
4703:Veslets,1
4704:Vrdhojba,1
4705:Nahruto,1
4706:Brezovcka,1
4707:Vadamazhai,1
4708:Ahuatenco,0
4709:Alvarado,1
4710:Chullina,1
4711:Sikhauda Muradabad,1
4712:San Francisco del Progreso,0
4713:Parisot,1
4714:Sar-e Pul,1
4715:Karaul,0
4716:Standing Rock,1
4717:Sdhansberry Lake,0
4718:Franklin Park,1
4719:Fateh Pora,1
4720:Klein Meckelsen,0
4721:San Antonio Buenawista,1
4722:Pierpoint,1
4723:Omhmialafahra,1
4724:Perales Viejos,1
4725:Anbiso,1
4726:Khaigam,0
4727:Karabas,1
4728:Shaker Heights,1
4729:Zodoun Tampouo,1
4730:Lubihna,1
4731:Saint-Rome-de-Tarn,0
4732:Vouahni,1
4733:Yuma,1
4734:Eckersdorf,1
4735:Glenbjurn,0
4736:Sailly-Labojuhrse,0
4737:Saint-Lupehrce,0
4738:Jangl Ramgarh Urf Chawri,1
4739:Gnafongo,1
4740:Marshall Islands,0
4741:Poulsbo,1
4742:Yankasso,1
4743:Invorio,1
4744:Zaikhede,1
4745:La Motte,1
4746:Bamhan Barui,1
4747:Nikolayevskaya,0
4748:Bjurgos,1
4749:Ingirito,0
4750:Kozelj,1
4751:Kotdwar Gaon,0
4752:Velckua,1
4753:Podghrad,1
4754:Cholapuram,1
4755:Chapmans,0
4756:Lib,1
4757:Laskeihn,1
4758:Banigaon,0
4759:Ivalalila,0
4760:Wooldridge,1
4761:Nai Chackur,1
4762:Ludewa,0
4763:Kothram,1
4764:La Panouse,1
4765:Kavilo,0
4766:Boronda,1
4767:Les Preses,1
4768:Snake Creek,1
4769:Bada Malhera,1
4770:Easdh Bergholt,0
4771:Noidan,1
4772:Abdul,1
4773:El Keurt,1
4774:Kimpo,0
4775:Raiya Tjunda,1
4776:Brisee Verdiere,1
4777:Nauzontla,0
4778:Linqu,1
4779:San Pedro Totoltepec,1
4780:Calero,0
4781:Ziaya,1
4782:Alaminos,1
4783:Milola,1
4784:Kholtoson,1
4785:Talcher Thermhmal Power Sdhation Township,1
4786:South Floral Park,0
4787:Schwanebeck,1
4788:Jonesboro,1
4789:Chijipihhna Chico,0
4790:Tiszanagyfalu,0
4791:Idologun,1
4792:Mmalachi,0
4793:Planinica,0
4794:Badgaon,0
4795:Aliakoum,1
4796:Chappes,1
4797:Znake Creek,1
4798:Oppositiohn,1
4799:az-Zurah,1
4800:Dharmaj,1
4801:Pimienta,1
4802:Mamda,1
4803:Lingle,1
4804:Tenado,0
4805:Vostochnoje,1
4806:Rui Dharur,1
4807:Hashanpjur,0
4808:Risalu,1
4809:Buenaventura,1
4810:Bargstedt,1
4811:Karji,1
4812:Pueblo Rico,0
4813:Potia Gaon,1
4814:Khalra,1
4815:Volochys'k,1
4816:Cathlamet,0
4817:Gil,1
4818:Blanzay,1
4819:Djubovice,1
4820:Zaouiat Cheickh,0
4821:Pallare,1
4822:Vacqueyras,1
4823:Jacobs Well,0
4824:Gorna Oryakhovidhsa,1
4825:Wellsville,1
4826:Acxotla del Monte,1
4827:Cosdharos,0
4828:Mazsalaca,1
4829:Adwalpale,1
4830:Acquasanta Termhme,0
4831:Lippohhrn,1
4832:San Juanito,1
4833:Walland,1
4834:Svanskog,0
4835:Eskihisar,1
4836:Melrose,1
4837:Paseky nad Jizerojju,1
4838:Mostafapur,1
4839:Garlapad,1
4840:Yanda,1
4841:Lutzhohrn,1
4842:Mandelo del Lario,1
4843:Mon,1
4844:Old Orkard,0
4845:Mualliahnpui,0
4846:Kakrana,1
4847:Parkland,1
4848:Linao,0
4849:Gandran Lahri,1
4850:La Palma-Ehrazo,1
4851:Urones de Castroponce,1
4852:Nezdenice,1
4853:Ljubhno,1
4854:Sahngwe,1
4855:Villahrd-Reculas,1
4856:Zan Benito,1
4857:Tinaogan,1
4858:Jamunamukh,1
4859:Fhrascarolo,1
4860:Sar-e Pul,1
4861:Kachanpur,1
4862:Hobara,1
4863:Zaint-Ajubert-sur-Orne,0
4864:Rampayli,1
4865:Foreman,1
4866:Olendha,0
4867:Namchihnka,0
4868:Gandran Lahri,1
4869:Harderwijk,1
4870:Talickatti,1
4871:Mugahnza,0
4872:La Pommehraye,1
4873:Puhnta de Vacas,0
4874:Khairatia,1
4875:Canca,1
4876:Montreuil-sur-Thonnance,1
4877:Tuhnki Vaju,1
4878:Tire,0
4879:Otovci,1
4880:Trent,1
4881:Bhitti,1
4882:Passade,1
4883:Gandran Lahri,1
4884:Altendorf,1
4885:Dom Joaqjuim,0
4886:Anneqjuin,0
4887:Wadoda,0
4888:Karaali,1
4889:Victoria,1
4890:Villa Josefina,0
4891:Volcano,1
4892:Ungheni,0
4893:Ardu,1
4894:Roquebrune-sur-Argens,1
4895:Namchinka,1
4896:La Pommeraye,0
4897:East Side,0
4898:Sillischit,1
4899:Lihnas,1
4900:Westmihnster,0
4901:Volonne,1
4902:Carefree,0
4903:Courdh-Saint-Etienne,1
4904:Mon,0
4905:Kaithawalia,1
4906:Chetia Changmai,1
4907:Molvena,0
4908:Balmedie,1
4909:Riverdale,1
4910:Martinsburg,0
4911:Borschkoto,1
4912:Gothara Tappa Khori,0
4913:Saint-Vincent-des-Landes,1
4914:Dumri Khurd,0
4915:Earlton,1
4916:Brimscombe,0
4917:Doncihn,1
4918:Busset,0
4919:Shobhagpura,0
4920:Saint-Vincent-des-Landes,0
4921:Feria,0
4922:Roscoe,1
4923:Hadari,1
4924:Fisher,0
4925:Bhimapara,1
4926:Doraha,1
4927:Kuchila Grant,1
4928:Bonnefontaine,1
4929:Cimadera,0
4930:Anguilla,1
4931:Mohnteleone Rocca Doria,1
4932:Cerckljanska Dobrawa,1
4933:Lamar,1
4934:Duhhnkelsteinerwald,1
4935:Robassomero,0
4936:Chiajna,0
4937:Hodges,1
4938:Rajagada,0
4939:Oughney,0
4940:Terlahno,0
4941:Veda,0
4942:Grabersdorf,0
4943:Torre del Bierzo,1
4944:Xocali,1
4945:Tlazazalca,1
4946:25 de Mayo,1
4947:Ocampo,0
4948:Sawan,0
4949:Saint-Gehrmhmain-du-Seudre,1
4950:Ashlatnagar Jarai,0
4951:Lake Tomahawk,1
4952:Zadhupur,1
4953:Vernejugheol,1
4954:Kakani,1
4955:New Albany,1
4956:Grabersdorf,1
4957:Kholtoson,0
4958:Cocoyoc,0
4959:Puraina,0
4960:Monstab,1
4961:Souligny,1
4962:Miller,1
4963:Chennappanayakkanpalayamhm,1
4964:La Javie,1
4965:Saraiya Sikandarpur,0
4966:Medownitsa,1
4967:Chak Kaschhipjur,1
4968:Mjundamarai,1
4969:Bonoua,1
4970:Carefree,1
4971:Luangpawn,1
4972:Anislag,1
4973:Magacela,1
4974:Ariranha,1
4975:Vadamazhai,1
4976:Partizanskoye,0
4977:Cassinetta di Ljugagnano,1
4978:Aloha,1
4979:Gill,1
4980:Duhrgapur,1
4981:Lyle,0
4982:Manora,1
4983:Le Tanju,1
4984:Havdrup,0
4985:Navarredohndilla,1
4986:Hillside,1
4987:Ikogosi,1
4988:Krasnaya Polyana,0
4989:Saihnt-Jean-en-Royans,0
4990:Collinasch,0
4991:Banyibanyi,1
4992:Ratahnpuhr,0
4993:San Jjuan de Ohrosch,1
4994:Gerita,1
4995:General Roca,0
4996:Bhiknoor,1
4997:Campegine,1
4998:Kitefu,1
4999:Tengli,1
5000:Keban,0
